단지번호,단지명,풍력기번호(임시),준공일,분류,주소,엑스좌표(GRS80_C_x),와이좌표(GRS80_C_y),위도(lat),경도(lon)
1,행원,1,2013-11-01,육상,제주특별자치도 제주시 구좌읍 해맞이해안로 712-3 (제주대 660),106838.4045,183229.7698,33.55517175,126.8194101
1,행원,2,2013-11-01,육상,제주특별자치도 제주시 구좌읍 해맞이해안로 712-3 (제주대 660),107052.4405,183350.5829,33.55710338,126.820707
1,행원,3,2013-11-01,육상,제주특별자치도 제주시 구좌읍 해맞이해안로 712-3 (제주대 660),107248.6057,183390.2459,33.5588726,126.8211305
1,행원,4,2013-11-01,육상,제주특별자치도 제주시 구좌읍 해맞이해안로 712-3 (제주대 660),107211.4283,183671.6151,33.55854175,126.8241612
1,행원,5,2013-11-01,육상,제주특별자치도 제주시 구좌읍 해맞이해안로 712-3 (제주대 660),106419.0255,183513.3681,33.55139508,126.8224717
1,행원,6,2013-11-01,육상,제주특별자치도 제주시 구좌읍 해맞이해안로 712-3 (제주대 660),106583.2261,183242.6679,33.55287129,126.8195537
1,행원,7,2013-11-01,육상,제주특별자치도 제주시 구좌읍 해맞이해안로 712-3 (제주대 660),106257.7949,183353.9069,33.54993896,126.8207576
1,행원,8,2013-11-01,육상,제주특별자치도 제주시 구좌읍 해맞이해안로 712-3 (제주대 660),106036.955,183298.9313,33.54794703,126.8201698
1,행원,9,2013-11-01,육상,제주특별자치도 제주시 구좌읍 해맞이해안로 712-3 (제주대 660),107107.5531,182646.4839,33.55758905,126.8131238
1,행원,10,2013-11-01,육상,제주특별자치도 제주시 구좌읍 해맞이해안로 712-3 (제주대 660),107222.0398,182139.5121,33.55861289,126.807662
1,행원,11,2013-11-01,육상,제주특별자치도 제주시 구좌읍 해맞이해안로 712-3 (제주대 660),107352.5857,183145.2856,33.55980624,126.8184906
2,전북,1,2007-11-01,육상,전라북도 부안군,374603.7664,156902.3384,35.96803829,126.5222009
2,전북,2,2007-11-01,육상,전라북도 부안군,374419.984,156913.1088,35.9663825,126.5223302
2,전북,3,2007-11-01,육상,전라북도 부안군,374236.2221,156924.8786,35.96472695,126.5224707
2,전북,4,2007-11-01,육상,전라북도 부안군,374052.4397,156935.6487,35.96307116,126.5226
2,전북,5,2007-11-01,육상,전라북도 부안군,373867.6577,156946.4391,35.96140636,126.5227297
2,전북,6,2007-11-01,육상,전라북도 부안군,373667.8817,156957.5369,35.95960646,126.5228635
2,전북,7,2007-11-01,육상,전라북도 부안군,373472.145,156970.5517,35.95784303,126.5230184
2,전북,8,2007-11-01,육상,전라북도 부안군,373271.3694,156981.6697,35.95603412,126.5231525
2,전북,9,2007-11-01,육상,전라북도 부안군,373071.6549,156995.7658,35.95423489,126.5233196
2,전북,10,2007-11-01,육상,전라북도 부안군,372869.9001,157007.9035,35.95241719,126.523465
3,영덕,1,2006-01-01,육상,경상북도 영덕군 영덕읍 화수리,426381.6907,416598.4908,36.41119125,129.4146661
3,영덕,2,2006-01-01,육상,경상북도 영덕군 영덕읍 화수리,426605.3917,416667.9399,36.41318973,129.4155021
3,영덕,3,2006-01-01,육상,경상북도 영덕군 영덕읍 화수리,426786.9146,416538.028,36.41485339,129.4141056
3,영덕,4,2006-01-01,육상,경상북도 영덕군 영덕읍 화수리,426813.6265,416281.1732,36.41515174,129.4112517
3,영덕,5,2006-01-01,육상,경상북도 영덕군 영덕읍 화수리,427015.9496,416430.1579,36.41693985,129.4129678
3,영덕,6,2006-01-01,육상,경상북도 영덕군 영덕읍 화수리,427249.7437,416262.1185,36.4190827,129.4111609
3,영덕,7,2006-01-01,육상,경상북도 영덕군 영덕읍 화수리,427204.3729,416729.6073,36.41856886,129.4163562
3,영덕,8,2006-01-01,육상,경상북도 영덕군 영덕읍 화수리,426852.4551,417043.2647,36.41532951,129.4197521
3,영덕,9,2006-01-01,육상,경상북도 영덕군 영덕읍 화수리,427093.9768,416958.1625,36.41752331,129.4188715
3,영덕,10,2006-01-01,육상,경상북도 영덕군 영덕읍 화수리,427126.3554,417167.7386,36.41776749,129.4212153
3,영덕,11,2006-01-01,육상,경상북도 영덕군 영덕읍 화수리,427340.7993,417032.1375,36.41972891,129.4197646
3,영덕,12,2006-01-01,육상,경상북도 영덕군 영덕읍 화수리,427519.0247,416936.3332,36.42135522,129.4187471
3,영덕,13,2006-01-01,육상,경상북도 영덕군 영덕읍 화수리,427516.2115,417138.6296,36.42128419,129.421
3,영덕,14,2006-01-01,육상,경상북도 영덕군 영덕읍 화수리,427812.3384,417031.3695,36.42397465,129.4198879
3,영덕,15,2006-01-01,육상,경상북도 영덕군 영덕읍 화수리,428008.0608,417103.3999,36.42572059,129.4207451
3,영덕,16,2006-01-01,육상,경상북도 영덕군 영덕읍 화수리,428075.8935,417429.3787,36.42625759,129.4243959
3,영덕,17,2006-01-01,육상,경상북도 영덕군 영덕읍 화수리,428107.5281,416685.8482,36.42671044,129.4161208
3,영덕,18,2006-01-01,육상,경상북도 영덕군 영덕읍 화수리,428268.8795,416886.7419,36.42811785,129.4184041
3,영덕,19,2006-01-01,육상,경상북도 영덕군 영덕읍 화수리,428377.1988,416558.1116,36.42916727,129.4147729
3,영덕,20,2006-01-01,육상,경상북도 영덕군 영덕읍 화수리,428523.1939,416887.4742,36.43040744,129.4184833
3,영덕,21,2006-01-01,육상,경상북도 영덕군 영덕읍 화수리,428583.6977,416425.6779,36.43105637,129.4133549
3,영덕,22,2006-01-01,육상,경상북도 영덕군 영덕읍 화수리,428712.7917,416905.5674,36.43211042,129.4187379
3,영덕,23,2006-01-01,육상,경상북도 영덕군 영덕읍 화수리,428071.7743,418003.1411,36.42609046,129.4307871
3,영덕,24,2006-01-01,육상,경상북도 영덕군 영덕읍 화수리,428302.7316,418084.4526,36.42815144,129.4317579
4,한경,1,2007-12-01,육상,제주특별자치도 제주시 한경면 용수리 3879-5,83677.3053,122641.7971,33.3437,126.169
4,한경,2,2007-12-01,육상,제주특별자치도 제주시 한경면 용수리 3879-5,83446.6139,122360.6541,33.3416,126.166
4,한경,3,2007-12-01,육상,제주특별자치도 제주시 한경면 용수리 3879-5,82780.3785,122448.4316,33.3356,126.167
4,한경,4,2007-12-01,육상,제주특별자치도 제주시 한경면 용수리 3879-5,82598.8059,121990.7443,33.333932,126.162067
4,한경,5,2007-12-01,육상,제주특별자치도 제주시 한경면 용수리 3879-5,83663.2522,123014.0814,33.3436,126.173
4,한경,6,2007-12-01,육상,제주특별자치도 제주시 한경면 용수리 3879-5,83864.3786,122829.483,33.3454,126.171
4,한경2,7,2007-12-01,육상,제주특별자치도 제주시 한경면 용수리 3879-5,83136.0513,122358.1693,33.3388,126.166
4,한경2,8,2007-12-01,육상,제주특별자치도 제주시 한경면 용수리 3879-5,82712.3434,122634.1046,33.335,126.169
4,한경1,9,2007-12-01,육상,제주특별자치도 제주시 한경면 용수리 3879-5,82949.734,122077.3604,33.3371,126.163
5,강원,1,2006-09-01,육상,강원도 평창군 대관령면 횡계리,574840.7109,350869.2915,37.76088969,128.7120854
5,강원,2,2006-09-01,육상,강원도 평창군 대관령면 횡계리,574660.2722,351015.416,37.75924063,128.7137054
5,강원,3,2006-09-01,육상,강원도 평창군 대관령면 횡계리,574502.6809,351245.5607,37.75778342,128.7162832
5,강원,4,2006-09-01,육상,강원도 평창군 대관령면 횡계리,574248.8489,351411.4849,37.75547008,128.7181124
5,강원,5,2006-09-01,육상,강원도 평창군 대관령면 횡계리,574189.4301,351729.9445,37.75488225,128.7217122
5,강원,6,2006-09-01,육상,강원도 평창군 대관령면 횡계리,573940.4369,351799.1878,37.75262844,128.7224456
5,강원,7,2006-09-01,육상,강원도 평창군 대관령면 횡계리,573717.7768,351859.984,37.75061317,128.7230886
5,강원,8,2006-09-01,육상,강원도 평창군 대관령면 횡계리,573500.9001,351969.539,37.74864189,128.7242858
5,강원,9,2006-09-01,육상,강원도 평창군 대관령면 횡계리,573399.9048,352306.0635,37.74767645,128.7280814
5,강원,10,2006-09-01,육상,강원도 평창군 대관령면 횡계리,573247.1565,352041.6449,37.74634481,128.7250506
5,강원,11,2006-09-01,육상,강원도 평창군 대관령면 횡계리,572954.1843,351723.7321,37.74375914,128.7213839
5,강원,12,2006-09-01,육상,강원도 평창군 대관령면 횡계리,572409.4619,351744.0186,37.73885022,128.7215003
5,강원,13,2006-09-01,육상,강원도 평창군 대관령면 횡계리,573264.4171,352577.5678,37.74641111,128.7311322
5,강원,14,2006-09-01,육상,강원도 평창군 대관령면 횡계리,572676.9007,353315.3509,37.74099699,128.7393756
5,강원,15,2006-09-01,육상,강원도 평창군 대관령면 횡계리,572726.8028,353670.8259,37.74138682,128.7434173
5,강원,16,2006-09-01,육상,강원도 평창군 대관령면 횡계리,572506.1554,353671.2653,37.7393997,128.7433757
5,강원,17,2006-09-01,육상,강원도 평창군 대관령면 횡계리,572470.7415,353415.9137,37.73912358,128.7404725
5,강원,18,2006-09-01,육상,강원도 평창군 대관령면 횡계리,572161.719,353606.5802,37.73630872,128.7425694
5,강원,19,2006-09-01,육상,강원도 평창군 대관령면 횡계리,571898.3479,353779.5655,37.7339079,128.7444753
5,강원,20,2006-09-01,육상,강원도 평창군 대관령면 횡계리,571625.0624,353781.488,37.7314465,128.7444394
5,강원,21,2006-09-01,육상,강원도 평창군 대관령면 횡계리,571226.9178,353745.8873,37.72786698,128.7439516
5,강원,22,2006-09-01,육상,강원도 평창군 대관령면 횡계리,571040.9302,353857.0566,37.7261734,128.7451727
5,강원,23,2006-09-01,육상,강원도 평창군 대관령면 횡계리,570889.2935,353665.0046,37.72484006,128.7429633
5,강원,24,2006-09-01,육상,강원도 평창군 대관령면 횡계리,571150.9396,352994.8334,37.72730846,128.73542
5,강원,25,2006-09-01,육상,강원도 평창군 대관령면 횡계리,570826.9874,353126.4372,37.7243691,128.736844
5,강원,26,2006-09-01,육상,강원도 평창군 대관령면 횡계리,570403.0387,353914.6252,37.72041919,128.7456906
5,강원,27,2006-09-01,육상,강원도 평창군 대관령면 횡계리,570206.948,353840.6633,37.7186657,128.7448106
5,강원,28,2006-09-01,육상,강원도 평창군 대관령면 횡계리,570309.6443,353592.7644,37.71963211,128.7420219
5,강원,29,2006-09-01,육상,강원도 평창군 대관령면 횡계리,570044.38,353354.947,37.71728307,128.7392699
5,강원,30,2006-09-01,육상,강원도 평창군 대관령면 횡계리,569755.9717,353463.6823,37.7146676,128.7404418
5,강원,31,2006-09-01,육상,강원도 평창군 대관령면 횡계리,569521.6799,353465.1282,37.71255743,128.7404089
5,강원,32,2006-09-01,육상,강원도 평창군 대관령면 횡계리,569200.8856,353519.1857,37.70965944,128.740954
5,강원,33,2006-09-01,육상,강원도 평창군 대관령면 횡계리,569298.5386,353244.2264,37.71058486,128.7378578
5,강원,34,2006-09-01,육상,강원도 평창군 대관령면 횡계리,568881.9072,353600.6697,37.70677321,128.7418104
5,강원,35,2006-09-01,육상,강원도 평창군 대관령면 횡계리,572604.631,349404.7496,37.74099241,128.6950127
5,강원,36,2006-09-01,육상,강원도 평창군 대관령면 횡계리,572281.6998,349608.8276,37.73805087,128.6972606
5,강원,37,2006-09-01,육상,강원도 평창군 대관령면 횡계리,571993.7024,349855.1974,37.73541697,128.6999952
5,강원,38,2006-09-01,육상,강원도 평창군 대관령면 횡계리,571788.0861,349694.4434,37.73359153,128.69813
5,강원,39,2006-09-01,육상,강원도 평창군 대관령면 횡계리,571540.6869,349779.8017,37.73134957,128.699047
5,강원,40,2006-09-01,육상,강원도 평창군 대관령면 횡계리,571364.6908,349974.7336,37.72973271,128.701221
5,강원,41,2006-09-01,육상,강원도 평창군 대관령면 횡계리,570967.4941,350216.4294,37.72611607,128.7038796
5,강원,42,2006-09-01,육상,강원도 평창군 대관령면 횡계리,570695.7877,350569.5463,37.72361121,128.7078271
5,강원,43,2006-09-01,육상,강원도 평창군 대관령면 횡계리,570320.8729,350776.7349,37.72020078,128.7100985
5,강원,44,2006-09-01,육상,강원도 평창군 대관령면 횡계리,570709.45,349803.5675,37.72385978,128.6991453
5,강원,45,2006-09-01,육상,강원도 평창군 대관령면 횡계리,570501.957,349836.0255,37.72198584,128.6994706
5,강원,46,2006-09-01,육상,강원도 평창군 대관령면 횡계리,570129.3941,350902.9352,37.71845561,128.7114896
5,강원,47,2006-09-01,육상,강원도 평창군 대관령면 횡계리,569881.0741,350945.273,37.71621235,128.7119181
5,강원,48,2006-09-01,육상,강원도 평창군 대관령면 횡계리,569632.3733,351016.6448,37.71396087,128.7126757
5,강원,49,2006-09-01,육상,강원도 평창군 대관령면 횡계리,569386.1006,351107.9826,37.71172796,128.71366
6,신창,1,2006-03-01,육상,제주특별자치도 제주시,83531.84942,123482.8597,33.34244878,126.1780464
6,신창,2,2006-03-01,육상,제주특별자치도 제주시,83302.14433,122768.4956,33.3403269,126.1703929
7,양양,1,2006-06-01,육상,강원도 양양군 서면 영덕리,603371.1155,331391.2646,38.02084936,128.4963128
7,양양,2,2006-06-01,육상,강원도 양양군 서면 영덕리,602963.045,331357.0051,38.01717916,128.4958481
8,월정,1,2006-09-01,육상,제주특별자치도 제주시,107711.7184,179770.132,33.56298551,126.7821355
10,고리,1,2008-06-01,육상,부산광역시 기장군 장안읍 효암리 258번지,306695.6496,408622.0353,35.33516138,129.2945042
11,태기산,1,2008-01-01,육상,강원도 횡성군 둔내면 태기리 산1-5번지,556863.2017,313106.657,37.60440347,128.2808769
11,태기산,2,2008-01-01,육상,강원도 횡성군 둔내면 태기리 산1-5번지,557108.8212,313028.6548,37.6066255,128.2800317
11,태기산,3,2008-01-01,육상,강원도 횡성군 둔내면 태기리 산1-5번지,557331.1763,313024.1529,37.60862895,128.280015
11,태기산,4,2008-01-01,육상,강원도 횡성군 둔내면 태기리 산1-5번지,557496.2205,312920.2,37.61012837,128.2788635
11,태기산,5,2008-01-01,육상,강원도 횡성군 둔내면 태기리 산1-5번지,557697.5961,312925.7814,37.61194161,128.2789577
11,태기산,6,2008-01-01,육상,강원도 횡성군 둔내면 태기리 산1-5번지,557878.1788,312934.9925,37.6135671,128.2790899
11,태기산,7,2008-01-01,육상,강원도 횡성군 둔내면 태기리 산1-5번지,558048.9231,313032.1732,37.61509317,128.2802167
11,태기산,8,2008-01-01,육상,강원도 횡성군 둔내면 태기리 산1-5번지,558212.8459,313126.3388,37.61655815,128.2813083
11,태기산,9,2008-01-01,육상,강원도 횡성군 둔내면 태기리 산1-5번지,558366.889,313259.7798,37.61792929,128.2828432
11,태기산,10,2008-01-01,육상,강원도 횡성군 둔내면 태기리 산1-5번지,558845.0371,313231.9931,37.62223968,128.2826025
11,태기산,11,2008-01-01,육상,강원도 횡성군 둔내면 태기리 산1-5번지,559019.581,313412.5318,37.62378966,128.2846741
11,태기산,12,2008-01-01,육상,강원도 횡성군 둔내면 태기리 산1-5번지,559204.3662,313543.7886,37.62543794,128.2861893
11,태기산,13,2008-01-01,육상,강원도 횡성군 둔내면 태기리 산1-5번지,559415.5652,313623.2049,37.62733052,128.2871215
11,태기산,14,2008-01-01,육상,강원도 횡성군 둔내면 태기리 산1-5번지,556170.8412,313025.6114,37.59817688,128.2798524
11,태기산,15,2008-01-01,육상,강원도 횡성군 둔내면 태기리 산1-5번지,555981.2615,312959.4447,37.59647733,128.2790741
11,태기산,16,2008-01-01,육상,강원도 횡성군 둔내면 태기리 산1-5번지,555767.7973,312931.7063,37.59455792,128.2787272
11,태기산,17,2008-01-01,육상,강원도 횡성군 둔내면 태기리 산1-5번지,555493.2947,313033.4684,37.59207281,128.2798368
11,태기산,18,2008-01-01,육상,강원도 횡성군 둔내면 태기리 산1-5번지,555313.9331,313139.622,37.59044414,128.2810108
11,태기산,19,2008-01-01,육상,강원도 횡성군 둔내면 태기리 산1-5번지,555081.9535,313205.9605,37.58834639,128.2817259
11,태기산,20,2008-01-01,육상,강원도 횡성군 둔내면 태기리 산1-5번지,554912.3081,313243.3224,37.58681369,128.2821226
12,신안,1,2008-12-01,육상,전라남도 신안군 비금면 구림리 산1-1,242636.4359,102195.0224,34.77484281,125.9315531
12,신안,2,2008-12-01,육상,전라남도 신안군 비금면 구림리 산1-1,242663.0817,102455.1941,34.77510787,125.9343917
12,신안,3,2008-12-01,육상,전라남도 신안군 비금면 구림리 산1-1,242722.0882,102706.6509,34.77566368,125.9371315
13,영양,1,2008-12-01,육상,경상북도 영양군 석보면 맹동산길 284-40,445245.9512,399672.7873,36.58472498,129.2309807
13,영양,2,2008-12-01,육상,경상북도 영양군 석보면 맹동산길 284-40,445128.1222,399687.2531,36.58366095,129.2311117
13,영양,3,2008-12-01,육상,경상북도 영양군 석보면 맹동산길 284-40,444993.7192,399723.0871,36.58244321,129.2314769
13,영양,4,2008-12-01,육상,경상북도 영양군 석보면 맹동산길 284-40,444864.4624,399909.9805,36.58124021,129.2335301
13,영양,5,2008-12-01,육상,경상북도 영양군 석보면 맹동산길 284-40,444729.6644,399878.7485,36.58003294,129.2331464
13,영양,6,2008-12-01,육상,경상북도 영양군 석보면 맹동산길 284-40,444588.1127,399811.6174,36.57877237,129.2323602
13,영양,7,2008-12-01,육상,경상북도 영양군 석보면 맹동산길 284-40,444465.1969,399822.1843,36.57766335,129.2324463
13,영양,8,2008-12-01,육상,경상북도 영양군 석보면 맹동산길 284-40,444327.8947,399911.1367,36.57640839,129.2334037
13,영양,9,2008-12-01,육상,경상북도 영양군 석보면 맹동산길 284-40,444217.7991,399960.4798,36.5754067,129.2339261
13,영양,10,2008-12-01,육상,경상북도 영양군 석보면 맹동산길 284-40,444028.4641,399954.4089,36.57370308,129.2338092
13,영양,11,2008-12-01,육상,경상북도 영양군 석보면 맹동산길 284-40,443876.9868,399987.5943,36.57233214,129.2341403
13,영양,12,2008-12-01,육상,경상북도 영양군 석보면 맹동산길 284-40,443763.8242,400130.1037,36.57128332,129.2357019
13,영양,13,2008-12-01,육상,경상북도 영양군 석보면 맹동산길 284-40,443621.9763,400241.1747,36.56998276,129.236905
13,영양,14,2008-12-01,육상,경상북도 영양군 석보면 맹동산길 284-40,443474.5652,400229.2254,36.56865789,129.2367333
13,영양,15,2008-12-01,육상,경상북도 영양군 석보면 맹동산길 284-40,443314.062,400213.544,36.56721591,129.2365165
13,영양,16,2008-12-01,육상,경상북도 영양군 석보면 맹동산길 284-40,443186.7672,400254.2346,36.56606115,129.2369377
13,영양,17,2008-12-01,육상,경상북도 영양군 석보면 맹동산길 284-40,443026.3071,400192.5013,36.5646292,129.2362069
13,영양,18,2008-12-01,육상,경상북도 영양군 석보면 맹동산길 284-40,443419.9763,400636.8104,36.56808085,129.241269
13,영양,19,2008-12-01,육상,경상북도 영양군 석보면 맹동산길 284-40,443117.601,400827.3056,36.56531808,129.2433167
13,영양,20,2008-12-01,육상,경상북도 영양군 석보면 맹동산길 284-40,442997.6006,400929.9131,36.56421596,129.2444308
13,영양,21,2008-12-01,육상,경상북도 영양군 석보면 맹동산길 284-40,442876.0554,401102.6303,36.56308517,129.246327
13,영양,22,2008-12-01,육상,경상북도 영양군 석보면 맹동산길 284-40,442734.8352,401099.5617,36.5618142,129.246256
13,영양,23,2008-12-01,육상,경상북도 영양군 석보면 맹동산길 284-40,442599.9077,401206.4841,36.56057673,129.2474142
13,영양,24,2008-12-01,육상,경상북도 영양군 석보면 맹동산길 284-40,442462.2307,401229.3704,36.5593322,129.2476338
13,영양,25,2008-12-01,육상,경상북도 영양군 석보면 맹동산길 284-40,442509.5296,400663.7614,36.55987701,129.2413329
13,영양,26,2008-12-01,육상,경상북도 영양군 석보면 맹동산길 284-40,442379.045,400695.5079,36.55869538,129.2416533
13,영양,27,2008-12-01,육상,경상북도 영양군 석보면 맹동산길 284-40,442250.4398,400625.1024,36.55755213,129.240834
13,영양,28,2008-12-01,육상,경상북도 영양군 석보면 맹동산길 284-40,442110.9699,400658.0369,36.55628935,129.2411653
13,영양,29,2008-12-01,육상,경상북도 영양군 석보면 맹동산길 284-40,441988.577,400597.5131,36.55519995,129.2404579
13,영양,30,2008-12-01,육상,경상북도 영양군 석보면 맹동산길 284-40,441809.0272,400339.9591,36.55363718,129.2375367
13,영양,31,2008-12-01,육상,경상북도 영양군 석보면 맹동산길 284-40,441687.7937,400527.6854,36.55250617,129.2396004
13,영양,32,2008-12-01,육상,경상북도 영양군 석보면 맹동산길 284-40,441534.4809,400568.9162,36.551117,129.2400207
13,영양,33,2008-12-01,육상,경상북도 영양군 석보면 맹동산길 284-40,441390.6578,400488.8157,36.54983872,129.2390893
13,영양,34,2008-12-01,육상,경상북도 영양군 석보면 맹동산길 284-40,441245.3295,400528.8792,36.5485217,129.2394987
13,영양,35,2008-12-01,육상,경상북도 영양군 석보면 맹동산길 284-40,441127.8102,400606.4063,36.54744722,129.2403333
13,영양,36,2008-12-01,육상,경상북도 영양군 석보면 맹동산길 284-40,440954.9017,400620.0133,36.5458874,129.2404402
13,영양,37,2008-12-01,육상,경상북도 영양군 석보면 맹동산길 284-40,440802.0953,400493.0472,36.54453806,129.2389836
13,영양,38,2008-12-01,육상,경상북도 영양군 석보면 맹동산길 284-40,444702.6363,399349.7278,36.57990012,129.227233
13,영양,39,2008-12-01,육상,경상북도 영양군 석보면 맹동산길 284-40,444477.6546,399266.3133,36.57789165,129.2262435
13,영양,40,2008-12-01,육상,경상북도 영양군 석보면 맹동산길 284-40,444298.6622,399179.9393,36.5762979,129.2252329
13,영양,41,2008-12-01,육상,경상북도 영양군 석보면 맹동산길 284-40,444142.3937,399079.077,36.57491178,129.2240664
14,삼달,1,2009-09-01,육상,제주특별자치도 서귀포시 성산읍 삼달리 2004번지,89905.50974,182890.4141,33.40249891,126.8160786
14,삼달,2,2009-09-01,육상,제주특별자치도 서귀포시 성산읍 삼달리 2004번지,89588.44751,182940.5133,33.39964103,126.8166232
14,삼달,3,2009-09-01,육상,제주특별자치도 서귀포시 성산읍 삼달리 2004번지,89544.34235,183351.3944,33.39924982,126.8210406
14,삼달,4,2009-09-01,육상,제주특별자치도 서귀포시 성산읍 삼달리 2004번지,89893.79912,183425.6826,33.40240172,126.8218327
14,삼달,5,2009-09-01,육상,제주특별자치도 서귀포시 성산읍 삼달리 2004번지,89558.14225,183965.1802,33.39938358,126.8276381
14,삼달,6,2009-09-01,육상,제주특별자치도 서귀포시 성산읍 삼달리 2004번지,89083.51336,183362.2532,33.39509508,126.8211659
14,삼달,7,2009-09-01,육상,제주특별자치도 서귀포시 성산읍 삼달리 2004번지,88814.30348,183248.4182,33.39266608,126.8199473
14,삼달,8,2009-09-01,육상,제주특별자치도 서귀포시 성산읍 삼달리 2004번지,88906.2217,182983.6302,33.39349066,126.8170995
14,삼달,9,2009-09-01,육상,제주특별자치도 서귀포시 성산읍 삼달리 2004번지,88594.84281,183693.6727,33.39069424,126.824737
14,삼달,10,2009-09-01,육상,제주특별자치도 서귀포시 성산읍 삼달리 2004번지,89055.20907,183918.8435,33.39484837,126.827149
14,삼달,11,2009-09-01,육상,제주특별자치도 서귀포시 성산읍 삼달리 2004번지,89178.70961,184256.4985,33.39596687,126.8307761
15,누에섬,1,2009-12-01,육상,경기도 안산시,510076.6324,167632.3474,37.18923722,126.6354614
15,누에섬,3,2009-12-01,육상,경기도 안산시,510152.5324,167816.7624,37.18992748,126.6375351
15,누에섬,2,2009-12-01,육상,경기도 안산시,510231.4315,168001.1142,37.19064473,126.6396079
16,성산1,1,2009-04-01,육상,제주특별자치도 서귀포시 성산읍 수산리 4403-3,94026.41775,184635.2996,33.4396799,126.834765
16,성산1,2,2009-04-01,육상,제주특별자치도 서귀포시 성산읍 수산리 4403-3,94150.75145,184859.9269,33.4408041,126.8371786
16,성산1,3,2009-04-01,육상,제주특별자치도 서귀포시 성산읍 수산리 4403-3,94069.42113,184375.4492,33.44006387,126.8319698
16,성산1,4,2009-04-01,육상,제주특별자치도 서귀포시 성산읍 수산리 4403-3,94655.30087,185162.3475,33.44535739,126.8404226
16,성산1,5,2009-04-01,육상,제주특별자치도 서귀포시 성산읍 수산리 4403-3,94575.05078,184441.8243,33.44462364,126.8326748
16,성산1,6,2009-04-01,육상,제주특별자치도 서귀포시 성산읍 수산리 4403-3,94609.97066,183829.9994,33.44492942,126.8260942
17,새만금,1,2009-06-01,육상,전라북도 군산시,375115.4369,161564.9743,35.97284421,126.5738667
18,현중,1,2009-06-01,육상,울산광역시 동구 전하1동 현대중공업 사내(2야드),328278.8881,422572.7444,35.52650814,129.4537101
19,김녕,1,2010-04-01,육상,제주특별자치도 제주시,107443.7944,178946.2494,33.56055401,126.7732691
20,성산2,1,2010-01-01,육상,제주특별자치도 서귀포시 성산읍 수산리 일대,94819.29909,184437.4653,33.44682574,126.8326237
20,성산2,2,2010-01-01,육상,제주특별자치도 서귀포시 성산읍 수산리 일대,94741.32671,184198.2918,33.44611923,126.8300528
20,성산2,3,2010-01-01,육상,제주특별자치도 서귀포시 성산읍 수산리 일대,94262.33772,184056.4464,33.44179853,126.8285357
20,성산2,4,2010-01-01,육상,제주특별자치도 서귀포시 성산읍 수산리 일대,94062.12772,184043.8167,33.43999323,126.8284035
21,시화-방아머리,2,2010-01-01,육상,경기도 안산시 대부북동 산1-1 (시화방아머리 일원),521392.1847,162834.7948,37.29101424,126.5808664
21,시화-방아머리,1,2010-01-01,육상,경기도 안산시 대부북동 산1-1 (시화방아머리 일원),521491.8201,162533.6643,37.29189989,126.5774654
22,영월접산,1,2010-01-01,육상,강원도 영월군,518760.3082,332106.509,37.25867579,128.4891629
22,영월접산,2,2010-01-01,육상,강원도 영월군,518646.1607,332103.9178,37.25764799,128.4891134
22,영월접산,3,2010-01-01,육상,강원도 영월군,518493.3795,332120.1578,37.25626953,128.4892693
23,용대,1,2013-08-01,육상,"강원도 인제군 북면 황태길 75 용대리 450-5, 12",623130.5226,318563.227,38.2005828,128.3535445
23,용대,2,2013-08-01,육상,"강원도 인제군 북면 황태길 75 용대리 450-5, 12",623093.8256,318696.7774,38.20023471,128.3550626
23,용대,3,2013-08-01,육상,"강원도 인제군 북면 황태길 75 용대리 450-5, 12",623084.1568,318826.7877,38.20013049,128.3565449
23,용대,4,2013-08-01,육상,"강원도 인제군 북면 황태길 75 용대리 450-5, 12",623200.471,318820.7866,38.20117886,128.3564958
23,용대,5,2013-08-01,육상,"강원도 인제군 북면 황태길 75 용대리 450-5, 12",623248.3012,318700.0914,38.20162555,128.3551263
23,용대,6,2013-08-01,육상,"강원도 인제군 북면 황태길 75 용대리 450-5, 12",623311.0247,318627.0794,38.20220008,128.3543034
23,용대,7,2013-08-01,육상,"강원도 인제군 북면 황태길 75 용대리 450-5, 12",623334.3897,318552.1129,38.20242039,128.3534517
25,영흥1,1,2011-07-01,육상,인천광역시 옹진군 영흥면 영흥남로293번길 52 인천 옹진군 영흥면 외리 산168번지,519262.7709,150304.7707,37.27124358,126.4397057
25,영흥1,2,2011-07-01,육상,인천광역시 옹진군 영흥면 영흥남로293번길 52 인천 옹진군 영흥면 외리 산168번지,519564.9947,149916.0837,37.27394579,126.4353032
25,영흥1,3,2011-07-01,육상,인천광역시 옹진군 영흥면 영흥남로293번길 52 인천 옹진군 영흥면 외리 산168번지,519308.6878,149972.9604,37.27163953,126.4359617
25,영흥1,4,2011-07-01,육상,인천광역시 옹진군 영흥면 영흥남로293번길 52 인천 옹진군 영흥면 외리 산168번지,519083.5483,149909.9539,37.26960764,126.4352665
25,영흥1,5,2011-07-01,육상,인천광역시 옹진군 영흥면 영흥남로293번길 52 인천 옹진군 영흥면 외리 산168번지,518836.713,150224.6212,37.26740053,126.4388305
25,영흥1,6,2011-07-01,육상,인천광역시 옹진군 영흥면 영흥남로293번길 52 인천 옹진군 영흥면 외리 산168번지,518429.3182,150005.3721,37.26371817,126.4363862
25,영흥1,7,2011-07-01,육상,인천광역시 옹진군 영흥면 영흥남로293번길 52 인천 옹진군 영흥면 외리 산168번지,518506.0866,149797.8208,37.26439869,126.4340413
25,영흥1,8,2011-07-01,육상,인천광역시 옹진군 영흥면 영흥남로293번길 52 인천 옹진군 영흥면 외리 산168번지,518226.7152,149908.7451,37.26188753,126.4353105
25,영흥1,9,2011-07-01,육상,인천광역시 옹진군 영흥면 영흥남로293번길 52 인천 옹진군 영흥면 외리 산168번지,518281.9391,149462.1542,37.26236098,126.4302725
26,대명 양산,2,2011-01-01,육상,경상남도 양산시 어곡동 2091-3,315772.7915,381116.277,35.42228936,128.9941727
26,대명 양산,1,2011-01-01,육상,경상남도 양산시 어곡동 2091-3,315719.4769,380856.0928,35.42185638,128.9912977
27,경인항,1,2011-12-01,육상,인천광역시 서구 경서동 인천터미널 친수구역(섬마을) 내,550714.2897,165504.6978,37.55530831,126.6096065
27,경인항,2,2011-12-01,육상,인천광역시 서구 경서동 인천터미널 친수구역(섬마을) 내,550714.2868,165269.6764,37.55529946,126.6069468
28,경포,1,2011-12-01,육상,경상북도 포항시 남구 장기면 두원리 산20번지,364446.5318,427410.1596,35.85106953,129.5172109
29,매봉산,1,2012-05-01,육상,강원도 태백시 창죽동 9-183 등 24필지(매봉산 일원),514459.2904,374545.7134,37.21296295,128.9663237
29,매봉산,2,2012-05-01,육상,강원도 태백시 창죽동 9-183 등 24필지(매봉산 일원),514510.178,374490.5847,37.21343151,128.9657149
29,매봉산,3,2012-05-01,육상,강원도 태백시 창죽동 9-183 등 24필지(매봉산 일원),514579.9282,374428.0508,37.21407131,128.9650271
29,매봉산,4,2012-05-01,육상,강원도 태백시 창죽동 9-183 등 24필지(매봉산 일원),514639.9264,374377.7347,37.21462101,128.9644746
29,매봉산,5,2012-05-01,육상,강원도 태백시 창죽동 9-183 등 24필지(매봉산 일원),514720.0624,374332.9993,37.215351,128.9639896
29,매봉산,6,2012-05-01,육상,강원도 태백시 창죽동 9-183 등 24필지(매봉산 일원),514744.4073,374253.4064,37.2155851,128.9630991
29,매봉산,7,2012-05-01,육상,강원도 태백시 창죽동 9-183 등 24필지(매봉산 일원),514789.7004,374170.368,37.21600847,128.9621747
30,창죽,1,2012-12-01,육상,"강원도 태백시 창죽동 9-352, 9-365 매봉산 일원",516361.4805,374133.1617,37.23016959,128.9621225
30,창죽,2,2012-12-01,육상,"강원도 태백시 창죽동 9-352, 9-365 매봉산 일원",516068.735,374206.4132,37.22751969,128.9628791
30,창죽,3,2012-12-01,육상,"강원도 태백시 창죽동 9-352, 9-365 매봉산 일원",515881.329,374243.4052,37.22582515,128.9632519
30,창죽,4,2012-12-01,육상,"강원도 태백시 창죽동 9-352, 9-365 매봉산 일원",515756.3724,374488.2864,37.22465414,128.9659804
30,창죽,5,2012-12-01,육상,"강원도 태백시 창죽동 9-352, 9-365 매봉산 일원",515765.4334,374680.2868,37.22469981,128.9681446
30,창죽,6,2012-12-01,육상,"강원도 태백시 창죽동 9-352, 9-365 매봉산 일원",514448.4945,374698.0932,37.21283723,128.9680369
30,창죽,7,2012-12-01,육상,"강원도 태백시 창죽동 9-352, 9-365 매봉산 일원",514690.3774,375344.6361,37.2148942,128.9753733
30,창죽,8,2012-12-01,육상,"강원도 태백시 창죽동 9-352, 9-365 매봉산 일원",514783.8509,375504.8243,37.21570583,128.9771989
31,대불풍력,1,2012-01-01,육상,,241519.7858,146592.3205,34.76806819,126.4166
32,월정1(해상),1,2012-02-01,해상,제주특별자치도 제주시 구좌읍 월정서로 169 (월정리 1400-45) 1400-48번지(임야),109057.6436,180441.2163,33.57513272,126.7893332
33,가시리,1,2012-04-01,육상,제주특별자치도 서귀포시 표선면 산68번지 일원,88250.68824,175829.7742,33.38744316,126.7402245
33,가시리,2,2012-04-01,육상,제주특별자치도 서귀포시 표선면 산68번지 일원,88371.03668,175587.4499,33.38852275,126.7376168
33,가시리,3,2012-04-01,육상,제주특별자치도 서귀포시 표선면 산68번지 일원,88482.0227,175326.305,33.38951745,126.734807
33,가시리,4,2012-04-01,육상,제주특별자치도 서귀포시 표선면 산68번지 일원,88634.12911,175123.3725,33.39088418,126.7326217
33,가시리,5,2012-04-01,육상,제주특별자치도 서귀포시 표선면 산68번지 일원,88847.88564,175214.2679,33.39281353,126.7335928
33,가시리,6,2012-04-01,육상,제주특별자치도 서귀포시 표선면 산68번지 일원,88807.47267,175557.0602,33.39245702,126.7372783
33,가시리,7,2012-04-01,육상,제주특별자치도 서귀포시 표선면 산68번지 일원,88675.80112,175834.604,33.39127613,126.740265
33,가시리,8,2012-04-01,육상,제주특별자치도 서귀포시 표선면 산68번지 일원,88532.03753,176055.3777,33.38998489,126.7426417
33,가시리,9,2012-04-01,육상,제주특별자치도 서귀포시 표선면 산68번지 일원,88791.74127,176195.3929,33.39232952,126.7441397
33,가시리,10,2012-04-01,육상,제주특별자치도 서귀포시 표선면 산68번지 일원,88952.84555,175940.2839,33.39377637,126.7413934
33,가시리,11,2012-04-01,육상,제주특별자치도 서귀포시 표선면 산68번지 일원,89095.62818,175720.529,33.39505876,126.7390276
33,가시리,12,2012-04-01,육상,제주특별자치도 서귀포시 표선면 산68번지 일원,89255.82816,175470.4379,33.39649746,126.7363351
33,가시리,13,2012-04-01,육상,제주특별자치도 서귀포시 표선면 산68번지 일원,89073.21528,175334.9421,33.3948479,126.7348837
34,월정2(해상),1,2012-05-01,해상,제주특별자치도 제주시,109053.1857,180038.2005,33.57508507,126.7849924
35,태백,1,2012-06-01,육상,강원도 삼척시 하장면 숙암리 산 11-3 일원 강원도 태백시 하사미동 524-144 일원,528454.8081,377137.2545,37.33850326,128.9988331
35,태백,2,2012-06-01,육상,강원도 삼척시 하장면 숙암리 산 11-3 일원 강원도 태백시 하사미동 524-144 일원,528878.3185,377359.1974,37.34227455,129.0014374
35,태백,3,2012-06-01,육상,강원도 삼척시 하장면 숙암리 산 11-3 일원 강원도 태백시 하사미동 524-144 일원,528646.4408,377188.7303,37.34021906,128.9994594
35,태백,4,2012-06-01,육상,강원도 삼척시 하장면 숙암리 산 11-3 일원 강원도 태백시 하사미동 524-144 일원,529031.1321,377388.4368,37.34364503,129.0018037
35,태백,5,2012-06-01,육상,강원도 삼척시 하장면 숙암리 산 11-3 일원 강원도 태백시 하사미동 524-144 일원,529226.8396,377344.5452,37.34541571,129.0013555
35,태백,6,2012-06-01,육상,강원도 삼척시 하장면 숙암리 산 11-3 일원 강원도 태백시 하사미동 524-144 일원,529183.9772,377535.2333,37.34499332,129.003496
35,태백,7,2012-06-01,육상,강원도 삼척시 하장면 숙암리 산 11-3 일원 강원도 태백시 하사미동 524-144 일원,528705.6383,378045.3761,37.34058838,129.0091349
35,태백,8,2012-06-01,육상,강원도 삼척시 하장면 숙암리 산 11-3 일원 강원도 태백시 하사미동 524-144 일원,528954.0161,378076.6564,37.34281897,129.0095473
35,태백,9,2012-06-01,육상,강원도 삼척시 하장면 숙암리 산 11-3 일원 강원도 태백시 하사미동 524-144 일원,528711.7756,378070.2231,37.3406389,129.0094167
36,가파도,1,2012-09-01,육상,제주특별자치도 서귀포시,64088.75624,131817.6845,33.16771669,126.2690342
36,가파도,2,2012-09-01,육상,제주특별자치도 서귀포시,64000.2592,131806.6029,33.16691812,126.268922
37,경주,1,2012-01-01,육상,경상북도 경주시 양북면 장항리 산600,353243.0906,414495.7589,35.75309299,129.3713722
37,경주,2,2012-01-01,육상,경상북도 경주시 양북면 장항리 산600,352967.4571,414333.1887,35.75064633,129.3695027
37,경주,3,2012-01-01,육상,경상북도 경주시 양북면 장항리 산600,352805.6227,414252.3936,35.7492066,129.368567
37,경주,4,2012-01-01,육상,경상북도 경주시 양북면 장항리 산600,352708.5514,413960.0334,35.74839605,129.3653115
37,경주,5,2012-01-01,육상,경상북도 경주시 양북면 장항리 산600,352949.731,413611.7146,35.75064351,129.361528
37,경주,6,2012-01-01,육상,경상북도 경주시 양북면 장항리 산600,353196.6894,413497.5488,35.75289214,129.3603325
37,경주,7,2012-01-01,육상,경상북도 경주시 양북면 장항리 산600,353546.1926,413208.0899,35.75610218,129.3572277
38,영광,1,2012-12-01,육상,전라남도 영광군,298731.7041,139592.6396,35.2833399,126.3359862
39,영광지산,1,2012-12-01,육상,전라남도 영광군 백수읍 지산리 1510-1,298877.4578,142959.3059,35.28485103,126.3729813
40,신안(복합),1,2013-01-01,육상,"전라남도 신안군 지도읍 태천리 1524, 894-1",270272.9099,131313.9423,35.02631213,126.2473572
40,신안(복합),2,2013-01-01,육상,"전라남도 신안군 지도읍 태천리 1524, 894-1",270324.2913,131083.9392,35.02675957,126.2448328
40,신안(복합),3,2013-01-01,육상,"전라남도 신안군 지도읍 태천리 1524, 894-1",270632.6078,131400.7185,35.02955998,126.2482783
41,행원마을,1,2013-01-01,육상,제주특별자치도 제주시 구좌읍 행원리 349,105650.7942,182735.0095,33.54445646,126.8141052
42,영흥2,1,2013-09-01,육상,인천광역시 옹진군 영흥면 영흥남로293번길 52 인천 옹진군 영흥면 외리 산168번지,517786.1846,149928.9629,37.25791944,126.4355681
42,영흥2,2,2013-09-01,육상,인천광역시 옹진군 영흥면 영흥남로293번길 52 인천 옹진군 영흥면 외리 산168번지,517587.6284,149921.8792,37.25613007,126.4355016
42,영흥2,3,2013-09-01,육상,인천광역시 옹진군 영흥면 영흥남로293번길 52 인천 옹진군 영흥면 외리 산168번지,517123.5334,149735.4976,37.25193854,126.433432
42,영흥2,4,2013-09-01,육상,인천광역시 옹진군 영흥면 영흥남로293번길 52 인천 옹진군 영흥면 외리 산168번지,516869.8446,149632.9751,37.24964727,126.4322936
42,영흥2,5,2013-09-01,육상,인천광역시 옹진군 영흥면 영흥남로293번길 52 인천 옹진군 영흥면 외리 산168번지,514837.8972,149910.842,37.23135436,126.435562
42,영흥2,6,2013-09-01,육상,인천광역시 옹진군 영흥면 영흥남로293번길 52 인천 옹진군 영흥면 외리 산168번지,514855.3076,150363.2918,37.23153541,126.4406591
42,영흥2,7,2013-09-01,육상,인천광역시 옹진군 영흥면 영흥남로293번길 52 인천 옹진군 영흥면 외리 산168번지,514854.2387,150623.8642,37.23153962,126.4435953
42,영흥2,8,2013-09-01,육상,인천광역시 옹진군 영흥면 영흥남로293번길 52 인천 옹진군 영흥면 외리 산168번지,514849.1876,150882.4187,37.23150776,126.4465091
43,대관령2,1,2013-01-01,육상,강원도 평창군 대관령면 경강로 5754,566469.7168,354999.9358,37.68481476,128.7571582
44,대명 영암,1,2013-12-01,육상,전라남도 영암군 금정면 활성산길 219,247864.3217,178020.3622,34.82641918,126.7597344
44,대명 영암,2,2013-12-01,육상,전라남도 영암군 금정면 활성산길 219,247606.3929,177824.489,34.82408996,126.7576001
44,대명 영암,3,2013-12-01,육상,전라남도 영암군 금정면 활성산길 219,247370.1274,177812.1995,34.82195999,126.757472
44,대명 영암,4,2013-12-01,육상,전라남도 영암군 금정면 활성산길 219,247166.0401,177658.256,34.82011698,126.7557948
44,대명 영암,5,2013-12-01,육상,전라남도 영암군 금정면 활성산길 219,246583.4816,178334.9306,34.8148804,126.7632061
44,대명 영암,6,2013-12-01,육상,전라남도 영암군 금정면 활성산길 219,246706.0329,178512.503,34.81598884,126.7651438
44,대명 영암,7,2013-12-01,육상,전라남도 영암군 금정면 활성산길 219,246772.0974,178766.2087,34.81658967,126.7679151
44,대명 영암,8,2013-12-01,육상,전라남도 영암군 금정면 활성산길 219,246961.2269,178972.4564,34.81829877,126.7701646
44,대명 영암,9,2013-12-01,육상,전라남도 영암군 금정면 활성산길 219,247146.8565,179203.7763,34.81997679,126.7726884
44,대명 영암,10,2013-12-01,육상,전라남도 영암군 금정면 활성산길 219,246099.8734,178306.5697,34.81052053,126.7629086
44,대명 영암,11,2013-12-01,육상,전라남도 영암군 금정면 활성산길 219,246158.9161,178609.4196,34.81105915,126.766217
44,대명 영암,12,2013-12-01,육상,전라남도 영암군 금정면 활성산길 219,246168.2366,178876.2579,34.81114873,126.7691331
44,대명 영암,13,2013-12-01,육상,전라남도 영암군 금정면 활성산길 219,246246.3965,179134.7234,34.8118586,126.7719559
44,대명 영암,14,2013-12-01,육상,전라남도 영암군 금정면 활성산길 219,246382.841,179357.0238,34.81309304,126.7743822
44,대명 영암,15,2013-12-01,육상,전라남도 영암군 금정면 활성산길 219,246358.0923,179620.5419,34.81287526,126.7772629
44,대명 영암,16,2013-12-01,육상,전라남도 영암군 금정면 활성산길 219,246188.7262,179903.9453,34.81135422,126.7803644
44,대명 영암,17,2013-12-01,육상,전라남도 영암군 금정면 활성산길 219,246420.0582,179869.3301,34.81343877,126.7799805
44,대명 영암,18,2013-12-01,육상,전라남도 영암군 금정면 활성산길 219,245777.5614,178493.0114,34.80761915,126.7649545
44,대명 영암,19,2013-12-01,육상,전라남도 영암군 금정면 활성산길 219,245526.6616,178147.9822,34.80535019,126.7611903
44,대명 영암,20,2013-12-01,육상,전라남도 영암군 금정면 활성산길 219,246370.8954,178206.1577,34.81296139,126.7618042
45,호남,1,2014-04-01,육상,전라남도 영광군 백수읍 하사리 3186-12,298347.5484,139938.5817,35.27989839,126.3398168
45,호남,2,2014-04-01,육상,전라남도 영광군 백수읍 하사리 3186-12,298316.2999,139700.9843,35.27960247,126.3372076
45,호남,3,2014-04-01,육상,전라남도 영광군 백수읍 하사리 3186-12,298378.608,139420.4999,35.28014711,126.3341202
45,호남,4,2014-04-01,육상,전라남도 영광군 백수읍 하사리 3186-12,297952.1798,139268.09,35.27629456,126.3324765
45,호남,5,2014-04-01,육상,전라남도 영광군 백수읍 하사리 3186-12,297296.1431,140944.4185,35.27048206,126.3509477
45,호남,6,2014-04-01,육상,전라남도 영광군 백수읍 하사리 3186-12,297685.1901,140835.4967,35.27398206,126.3497226
45,호남,7,2014-04-01,육상,전라남도 영광군 백수읍 하사리 3186-12,297655.5229,140206.9239,35.27367734,126.3428166
45,호남,8,2014-04-01,육상,전라남도 영광군 백수읍 하사리 3186-12,297644.4684,139837.3355,35.27355558,126.3387555
45,호남,9,2014-04-01,육상,전라남도 영광군 백수읍 하사리 3186-12,297249.441,139412.9072,35.26996968,126.33412
45,호남,10,2014-04-01,육상,전라남도 영광군 백수읍 하사리 3186-12,297214.1064,139130.769,35.26963411,126.331022
46,월령,1,2010-01-01,육상,제주특별자치도 제주시 한림읍 월령리 320번지 2호 주변 공유수면,87880.472,126927.2516,33.38189269,126.2146911
47,김녕(실증단지),2,2014-05-01,육상,제주특별자치도 제주시 구좌읍 해맞이해안로 130,107642.1956,178239.0536,33.56232858,126.7656484
47,김녕(실증단지),1,2014-05-01,육상,제주특별자치도 제주시 구좌읍 해맞이해안로 130,107688.4328,178622.1779,33.5627532,126.7697733
48,윈드밀 양산,3,2014-08-01,육상,경상남도 양산시 어실로 910 - 47 윈드밀파워 양산에덴밸리 풍력발전소,316084.4335,379846.6989,35.42532655,128.9802703
48,윈드밀 양산,2,2014-08-01,육상,경상남도 양산시 어실로 910 - 47 윈드밀파워 양산에덴밸리 풍력발전소,315411.6283,380087.5444,35.41922255,128.9827722
48,윈드밀 양산,1,2014-08-01,육상,경상남도 양산시 어실로 910 - 47 윈드밀파워 양산에덴밸리 풍력발전소,315602.7199,380577.1728,35.42085525,128.9882025
49,가사도,1,2014-01-01,육상,전라남도 진도군,209086.0851,112938.7202,34.47342188,126.0523492
49,가사도,2,2014-01-01,육상,전라남도 진도군,209127.2864,112999.892,34.4737984,126.0530107
49,가사도,3,2014-01-01,육상,전라남도 진도군,209177.6095,113117.8713,34.47426193,126.0542897
49,가사도,4,2014-01-01,육상,전라남도 진도군,209164.883,113182.1093,34.47415263,126.0549901
50,새만금가력,2,2014-12-01,육상,전라북도 군산시 옥도면 새만금로 462 (옥도면 비안도리 496),348004.5346,157597.4523,35.72834945,126.5313196
50,새만금가력,1,2014-12-01,육상,전라북도 군산시 옥도면 새만금로 462 (옥도면 비안도리 496),348174.4478,157445.9843,35.72987425,126.5296365
51,SK가시리,1,2015-04-01,육상,제주특별자치도 서귀포시 표선면 녹산로 464-65 녹산로 421-58(구주소 산35-1번지),87738.57286,175252.5892,33.38281273,126.7340351
51,SK가시리,2,2015-04-01,육상,제주특별자치도 서귀포시 표선면 녹산로 464-65 녹산로 421-58(구주소 산35-1번지),87773.23984,174870.9064,33.38311643,126.7299322
51,SK가시리,3,2015-04-01,육상,제주특별자치도 서귀포시 표선면 녹산로 464-65 녹산로 421-58(구주소 산35-1번지),87599.25451,175132.261,33.38155384,126.7327458
51,SK가시리,4,2015-04-01,육상,제주특별자치도 서귀포시 표선면 녹산로 464-65 녹산로 421-58(구주소 산35-1번지),87610.75634,174742.0233,33.38164844,126.7285516
51,SK가시리,5,2015-04-01,육상,제주특별자치도 서귀포시 표선면 녹산로 464-65 녹산로 421-58(구주소 산35-1번지),87385.99964,174963.3514,33.37962719,126.7309365
51,SK가시리,6,2015-04-01,육상,제주특별자치도 서귀포시 표선면 녹산로 464-65 녹산로 421-58(구주소 산35-1번지),87365.16576,174607.7367,33.379431,126.7271154
51,SK가시리,7,2015-04-01,육상,제주특별자치도 서귀포시 표선면 녹산로 464-65 녹산로 421-58(구주소 산35-1번지),87040.25044,174768.9863,33.37650532,126.7288574
51,SK가시리,8,2015-04-01,육상,제주특별자치도 서귀포시 표선면 녹산로 464-65 녹산로 421-58(구주소 산35-1번지),87100.08147,174499.8256,33.37703842,126.7259632
51,SK가시리,9,2015-04-01,육상,제주특별자치도 서귀포시 표선면 녹산로 464-65 녹산로 421-58(구주소 산35-1번지),86774.99044,174808.0843,33.37411462,126.7292849
51,SK가시리,10,2015-04-01,육상,제주특별자치도 서귀포시 표선면 녹산로 464-65 녹산로 421-58(구주소 산35-1번지),86707.11443,174502.3756,33.37349544,126.7260017
52,감포댐,1,2015-11-01,육상,경상북도 경주시 감포읍 동해안로 2694 오류리 산 14-82,362826.3549,426790.8196,35.836625,129.5099014
53,대관령3,1,2015-01-01,육상,강원도 평창군 대관령면 대관령마루길 506 횡계리 14-291,566602.3239,355047.1196,37.68600099,128.7577211
54,전남1(실증단지),1,2015-02-01,육상,전라남도 영광군 백수읍 백수로3길 132-1,299078.2459,140413.5862,35.28651241,126.3449846
55,월정마을,1,2015-04-01,육상,"제주특별자치도 제주시 구좌읍 월정서로 169 (월정리 1400-45), 1400-48번지(임야)",107711.9717,179317.0964,33.56297911,126.7772565
56,동복북촌,1,2015-05-01,육상,제주특별자치도 제주시 구좌읍 북촌12길 248,104190.6984,174053.159,33.53111679,126.7206696
56,동복북촌,2,2015-05-01,육상,제주특별자치도 제주시 구좌읍 북촌12길 248,104531.8192,174071.5328,33.53419275,126.7208575
56,동복북촌,3,2015-05-01,육상,제주특별자치도 제주시 구좌읍 북촌12길 248,104782.667,173948.3181,33.53645136,126.7195237
56,동복북촌,4,2015-05-01,육상,제주특별자치도 제주시 구좌읍 북촌12길 248,104551.0778,173787.2274,33.53435944,126.7177961
56,동복북촌,5,2015-05-01,육상,제주특별자치도 제주시 구좌읍 북촌12길 248,104906.9412,173694.5732,33.53756559,126.7167882
56,동복북촌,6,2015-05-01,육상,제주특별자치도 제주시 구좌읍 북촌12길 248,105083.4621,173496.2008,33.53915218,126.7146472
56,동복북촌,7,2015-05-01,육상,제주특별자치도 제주시 구좌읍 북촌12길 248,104648.5087,173524.1047,33.53523138,126.7149605
56,동복북촌,8,2015-05-01,육상,제주특별자치도 제주시 구좌읍 북촌12길 248,104857.375,173341.0571,33.53710994,126.7129836
56,동복북촌,9,2015-05-01,육상,제주특별자치도 제주시 구좌읍 북촌12길 248,104876.7042,173070.4086,33.53727742,126.7100692
56,동복북촌,10,2015-05-01,육상,제주특별자치도 제주시 구좌읍 북촌12길 248,103843.784,173735.1698,33.52798128,126.7172565
56,동복북촌,11,2015-05-01,육상,제주특별자치도 제주시 구좌읍 북촌12길 248,104084.8938,173603.4591,33.53015186,126.7158315
56,동복북촌,12,2015-05-01,육상,제주특별자치도 제주시 구좌읍 북촌12길 248,104158.2493,173333.7236,33.53080653,126.7129255
56,동복북촌,13,2015-05-01,육상,제주특별자치도 제주시 구좌읍 북촌12길 248,103833.78,173472.9116,33.52788461,126.7144336
56,동복북촌,14,2015-05-01,육상,제주특별자치도 제주시 구좌읍 북촌12길 248,103902.0329,173194.1806,33.52849302,126.711431
56,동복북촌,15,2015-05-01,육상,제주특별자치도 제주시 구좌읍 북촌12길 248,104002.0133,172934.5041,33.52938788,126.7086325
57,영광백수,20,2015-05-01,육상,전라남도 영광군 백수읍 백수로 479 (상사리 1453-1),298438.2396,140657.8178,35.28075866,126.3477155
57,영광백수,19,2015-05-01,육상,전라남도 영광군 백수읍 백수로 479 (상사리 1453-1),298331.6894,140463.75,35.27978682,126.3455901
57,영광백수,9,2015-05-01,육상,전라남도 영광군 백수읍 백수로 479 (상사리 1453-1),297805.3147,141030.6807,35.27507623,126.3518592
57,영광백수,8,2015-05-01,육상,전라남도 영광군 백수읍 백수로 479 (상사리 1453-1),297861.5379,141263.0183,35.27559662,126.3544086
57,영광백수,7,2015-05-01,육상,전라남도 영광군 백수읍 백수로 479 (상사리 1453-1),297970.8919,141453.1622,35.27659334,126.3564906
57,영광백수,6,2015-05-01,육상,전라남도 영광군 백수읍 백수로 479 (상사리 1453-1),298142.5813,141610.2998,35.27814993,126.3582055
57,영광백수,5,2015-05-01,육상,전라남도 영광군 백수읍 백수로 479 (상사리 1453-1),298185.5534,141841.2913,35.27855067,126.3607413
57,영광백수,4,2015-05-01,육상,전라남도 영광군 백수읍 백수로 479 (상사리 1453-1),298244.6499,142074.4477,35.27909682,126.3632997
57,영광백수,3,2015-05-01,육상,전라남도 영광군 백수읍 백수로 479 (상사리 1453-1),298353.8052,142272.3208,35.28009205,126.3654669
57,영광백수,2,2015-05-01,육상,전라남도 영광군 백수읍 백수로 479 (상사리 1453-1),298584.5058,142398.9176,35.28217861,126.3668422
57,영광백수,1,2015-05-01,육상,전라남도 영광군 백수읍 백수로 479 (상사리 1453-1),298674.7373,142726.4823,35.28301064,126.3704363
57,영광백수,15,2015-05-01,육상,전라남도 영광군 백수읍 백수로 479 (상사리 1453-1),297126.2125,141268.4059,35.26896955,126.3545204
57,영광백수,14,2015-05-01,육상,전라남도 영광군 백수읍 백수로 479 (상사리 1453-1),297257.6351,141466.6549,35.27016565,126.3566898
57,영광백수,13,2015-05-01,육상,전라남도 영광군 백수읍 백수로 479 (상사리 1453-1),297360.5356,141655.6818,35.27110411,126.3587598
57,영광백수,12,2015-05-01,육상,전라남도 영광군 백수읍 백수로 479 (상사리 1453-1),297567.4871,141938.9187,35.27298579,126.361858
57,영광백수,18,2015-05-01,육상,전라남도 영광군 백수읍 백수로 479 (상사리 1453-1),297620.1333,142167.7446,35.27347352,126.3643691
57,영광백수,11,2015-05-01,육상,전라남도 영광군 백수읍 백수로 479 (상사리 1453-1),297806.4845,142439.3901,35.27516873,126.3673416
57,영광백수,17,2015-05-01,육상,전라남도 영광군 백수읍 백수로 479 (상사리 1453-1),297889.6552,142647.696,35.27593029,126.3696252
57,영광백수,10,2015-05-01,육상,전라남도 영광군 백수읍 백수로 479 (상사리 1453-1),298102.0331,142782.1714,35.27785212,126.3710883
57,영광백수,16,2015-05-01,육상,전라남도 영광군 백수읍 백수로 479 (상사리 1453-1),298118.8774,143037.1934,35.27801847,126.3738901
58,제주김녕,1,2015-06-01,육상,제주특별자치도 제주시 구좌읍 김송로 280 (김녕리 70),102871.9398,176656.9355,33.51928702,126.7487346
58,제주김녕,2,2015-06-01,육상,제주특별자치도 제주시 구좌읍 김송로 280 (김녕리 70),103078.3109,176797.6011,33.52115071,126.7502434
58,제주김녕,3,2015-06-01,육상,제주특별자치도 제주시 구좌읍 김송로 280 (김녕리 70),103331.882,176886.5827,33.52343881,126.7511946
58,제주김녕,4,2015-06-01,육상,제주특별자치도 제주시 구좌읍 김송로 280 (김녕리 70),103448.8442,177148.0716,33.52449896,126.7540064
58,제주김녕,5,2015-06-01,육상,제주특별자치도 제주시 구좌읍 김송로 280 (김녕리 70),103582.0223,177366.2032,33.52570432,126.7563512
58,제주김녕,6,2015-06-01,육상,제주특별자치도 제주시 구좌읍 김송로 280 (김녕리 70),103714.2817,177587.8835,33.52690144,126.7587342
58,제주김녕,7,2015-06-01,육상,제주특별자치도 제주시 구좌읍 김송로 280 (김녕리 70),103726.9535,176696.0584,33.52699661,126.7491335
58,제주김녕,8,2015-06-01,육상,제주특별자치도 제주시 구좌읍 김송로 280 (김녕리 70),103941.44,176824.7021,33.5289332,126.7505128
58,제주김녕,9,2015-06-01,육상,제주특별자치도 제주시 구좌읍 김송로 280 (김녕리 70),104096.7515,177033.6567,33.53033799,126.7527582
58,제주김녕,10,2015-06-01,육상,제주특별자치도 제주시 구좌읍 김송로 280 (김녕리 70),104238.7523,177242.6473,33.53162272,126.7550044
60,GS영양,1,2015-08-01,육상,경상북도 영양군 영양읍 무네미길 183-54 무창리 산 62,449700.1766,398294.6148,36.62512094,129.2167406
60,GS영양,2,2015-08-01,육상,경상북도 영양군 영양읍 무네미길 183-54 무창리 산 62,449558.1031,398010.2601,36.62390071,129.2135273
60,GS영양,3,2015-08-01,육상,경상북도 영양군 영양읍 무네미길 183-54 무창리 산 62,449409.4213,397745.0642,36.62261691,129.2105265
60,GS영양,4,2015-08-01,육상,경상북도 영양군 영양읍 무네미길 183-54 무창리 산 62,449754.1274,397424.54,36.62578728,129.2070344
60,GS영양,5,2015-08-01,육상,경상북도 영양군 영양읍 무네미길 183-54 무창리 산 62,449219.7753,397820.0929,36.62089365,129.2113158
60,GS영양,6,2015-08-01,육상,경상북도 영양군 영양읍 무네미길 183-54 무창리 산 62,449000.0885,397894.7462,36.61889995,129.2120932
60,GS영양,7,2015-08-01,육상,경상북도 영양군 영양읍 무네미길 183-54 무창리 산 62,448789.762,397890.1177,36.61700699,129.2119874
60,GS영양,8,2015-08-01,육상,경상북도 영양군 영양읍 무네미길 183-54 무창리 산 62,448567.5942,397941.797,36.61499572,129.2125075
60,GS영양,9,2015-08-01,육상,경상북도 영양군 영양읍 무네미길 183-54 무창리 산 62,448329.0195,398022.8497,36.61283061,129.2133514
60,GS영양,10,2015-08-01,육상,경상북도 영양군 영양읍 무네미길 183-54 무창리 산 62,448113.7728,398070.3801,36.61088252,129.2138269
60,GS영양,11,2015-08-01,육상,경상북도 영양군 영양읍 무네미길 183-54 무창리 산 62,447859.334,398014.6125,36.60860296,129.2131385
60,GS영양,12,2015-08-01,육상,경상북도 영양군 영양읍 무네미길 183-54 무창리 산 62,447667.5206,397889.466,36.6069017,129.2116914
60,GS영양,13,2015-08-01,육상,경상북도 영양군 영양읍 무네미길 183-54 무창리 산 62,447871.9016,398521.9069,36.60861071,129.2188077
60,GS영양,14,2015-08-01,육상,경상북도 영양군 영양읍 무네미길 183-54 무창리 산 62,448257.2612,398566.939,36.61207137,129.2194102
60,GS영양,15,2015-08-01,육상,경상북도 영양군 영양읍 무네미길 183-54 무창리 산 62,447651.5263,398515.4845,36.60662765,129.2186791
60,GS영양,16,2015-08-01,육상,경상북도 영양군 영양읍 무네미길 183-54 무창리 산 62,447459.7526,398584.5497,36.60488643,129.219401
60,GS영양,17,2015-08-01,육상,경상북도 영양군 영양읍 무네미길 183-54 무창리 산 62,447057.7133,398748.0921,36.60123216,129.2211237
60,GS영양,18,2015-08-01,육상,경상북도 영양군 영양읍 무네미길 183-54 무창리 산 62,446957.5451,398504.9088,36.60038079,129.218382
61,군산산단,1,2015-09-01,육상,"전라북도 군산시 외항로 1372 (비응도동) 비응도동 19,21,22,23,24,35",372894.847,157395.3993,35.95265899,126.5277587
61,군산산단,2,2015-09-01,육상,"전라북도 군산시 외항로 1372 (비응도동) 비응도동 19,21,22,23,24,35",372753.7599,157391.2924,35.95138732,126.5277207
61,군산산단,3,2015-09-01,육상,"전라북도 군산시 외항로 1372 (비응도동) 비응도동 19,21,22,23,24,35",372725.3238,157613.8801,35.95114073,126.5301893
62,부안,1,2015-11-01,육상,전라북도 부안군 하서면 신재생에너지로 34 (백련리 1241),346216.5595,163633.0874,35.71247661,126.5981115
63,하장,1,2015-11-01,육상,강원도 삼척시 하장면 판문길 714-77,518546.6148,371621.9357,37.25031275,128.934344
63,하장,2,2015-11-01,육상,강원도 삼척시 하장면 판문길 714-77,518336.6739,371623.2878,37.24842192,128.9343108
64,화순,1,2015-11-01,육상,전라남도 화순군,276775.2118,206099.3833,35.08723781,127.0668856
64,화순,2,2015-11-01,육상,전라남도 화순군,277023.8749,205930.4822,35.08948019,127.0650352
64,화순,3,2015-11-01,육상,전라남도 화순군,277193.3838,205603.6522,35.09100996,127.0614523
64,화순,4,2015-11-01,육상,전라남도 화순군,277164.7559,205332.1769,35.09075339,127.058475
64,화순,5,2015-11-01,육상,전라남도 화순군,277499.799,205558.3725,35.09377214,127.0609578
64,화순,6,2015-11-01,육상,전라남도 화순군,277347.1847,205130.1688,35.0923988,127.0562608
64,화순,7,2015-11-01,육상,전라남도 화순군,277419.1632,204940.7511,35.09304853,127.0541839
64,화순,8,2015-11-01,육상,전라남도 화순군,277826.2523,205533.726,35.09671483,127.0606897
65,거창,1,2016-02-01,육상,"경상남도 거창군 신원면 창지길 28-20 (풍력)과정리 산150-1, (ESS)과정리 산150-2",332391.0782,282319.6445,35.58511825,127.9082563
65,거창,2,2016-02-01,육상,"경상남도 거창군 신원면 창지길 28-20 (풍력)과정리 산150-1, (ESS)과정리 산150-2",332423.6095,282591.1387,35.58538881,127.9112548
65,거창,3,2016-02-01,육상,"경상남도 거창군 신원면 창지길 28-20 (풍력)과정리 산150-1, (ESS)과정리 산150-2",332321.1551,282029.8996,35.58451217,127.9050527
65,거창,4,2016-02-01,육상,"경상남도 거창군 신원면 창지길 28-20 (풍력)과정리 산150-1, (ESS)과정리 산150-2",332293.8483,281769.3062,35.58428764,127.9021751
65,거창,5,2016-02-01,육상,"경상남도 거창군 신원면 창지길 28-20 (풍력)과정리 산150-1, (ESS)과정리 산150-2",332578.982,282802.1041,35.58677138,127.9135981
65,거창,6,2016-02-01,육상,"경상남도 거창군 신원면 창지길 28-20 (풍력)과정리 산150-1, (ESS)과정리 산150-2",332725.9223,283041.2571,35.58807555,127.9162515
65,거창,7,2016-02-01,육상,"경상남도 거창군 신원면 창지길 28-20 (풍력)과정리 산150-1, (ESS)과정리 산150-2",333057.7881,283074.5368,35.59106346,127.9166528
66,평창,1,2016-03-01,육상,강원도 평창군 미탄면 청옥산길 583-76,532675.4365,333270.5325,37.38384672,128.5047776
66,평창,2,2016-03-01,육상,강원도 평창군 미탄면 청옥산길 583-76,533021.4512,333339.6508,37.38695338,128.5056201
66,평창,3,2016-03-01,육상,강원도 평창군 미탄면 청옥산길 583-76,533172.3126,333407.7827,37.38830241,128.5064164
66,평창,4,2016-03-01,육상,강원도 평창군 미탄면 청옥산길 583-76,533516.6977,333412.6161,37.39140363,128.506533
66,평창,5,2016-03-01,육상,강원도 평창군 미탄면 청옥산길 583-76,533666.0087,333450.9341,37.39274298,128.5069925
66,평창,6,2016-03-01,육상,강원도 평창군 미탄면 청옥산길 583-76,533900.4691,333534.3943,37.39484277,128.507977
66,평창,7,2016-03-01,육상,강원도 평창군 미탄면 청옥산길 583-76,534183.685,333717.8627,37.39736728,128.5100994
66,평창,8,2016-03-01,육상,강원도 평창군 미탄면 청옥산길 583-76,534401.2334,333867.8862,37.39930511,128.5118325
66,평창,9,2016-03-01,육상,강원도 평창군 미탄면 청옥산길 583-76,534671.7289,333915.5745,37.40173459,128.5124198
66,평창,10,2016-03-01,육상,강원도 평창군 미탄면 청옥산길 583-76,534877.5415,333938.8078,37.403585,128.5127194
66,평창,11,2016-03-01,육상,강원도 평창군 미탄면 청옥산길 583-76,534839.1807,334197.1932,37.40320212,128.5156298
66,평창,12,2016-03-01,육상,강원도 평창군 미탄면 청옥산길 583-76,535110.2155,334127.4318,37.40565344,128.5148913
66,평창,13,2016-03-01,육상,강원도 평창군 미탄면 청옥산길 583-76,535221.8135,333841.2497,37.40669997,128.5116802
66,평창,14,2016-03-01,육상,강원도 평창군 미탄면 청옥산길 583-76,535460.925,333710.8188,37.40887249,128.5102508
66,평창,15,2016-03-01,육상,강원도 평창군 미탄면 청옥산길 583-76,535422.2101,333503.5154,37.40855367,128.5079031
67,의령,1,2016-04-01,육상,경상남도 의령군 가례면 가례로10동길 9,312351.1304,312245.9673,35.40159843,128.2356141
67,의령,2,2016-04-01,육상,경상남도 의령군 가례면 가례로10동길 9,312301.035,312077.5102,35.40116596,128.2337533
67,의령,3,2016-04-01,육상,경상남도 의령군 가례면 가례로10동길 9,312385.9146,311933.655,35.40194699,128.2321817
67,의령,4,2016-04-01,육상,경상남도 의령군 가례면 가례로10동길 9,312479.6505,311800.2788,35.40280662,128.2307266
67,의령,5,2016-04-01,육상,경상남도 의령군 가례면 가례로10동길 9,312561.1025,311666.9908,35.40355554,128.2292708
67,의령,6,2016-04-01,육상,경상남도 의령군 가례면 가례로10동길 9,312585.1907,311508.2438,35.40379037,128.2275269
67,의령,7,2016-04-01,육상,경상남도 의령군 가례면 가례로10동길 9,312480.4525,311363.2843,35.40286276,128.2259171
67,의령,8,2016-04-01,육상,경상남도 의령군 가례면 가례로10동길 9,312380.6942,311238.5847,35.40197775,128.2245311
67,의령,9,2016-04-01,육상,경상남도 의령군 가례면 가례로10동길 9,312267.1836,311146.3046,35.40096517,128.2235
67,의령,10,2016-04-01,육상,경상남도 의령군 가례면 가례로10동길 9,312225.6016,310900.9797,35.40061779,128.2207944
67,의령,11,2016-04-01,육상,경상남도 의령군 가례면 가례로10동길 9,312161.0822,310696.4645,35.40005913,128.2185348
67,의령,12,2016-04-01,육상,경상남도 의령군 가례면 가례로10동길 9,312096.4237,310534.3795,35.39949446,128.2167422
67,의령,13,2016-04-01,육상,경상남도 의령군 가례면 가례로10동길 9,312076.0016,310348.296,35.39933104,128.2146914
67,의령,14,2016-04-01,육상,경상남도 의령군 가례면 가례로10동길 9,312044.4744,310169.7941,35.39906669,128.2127227
67,의령,15,2016-04-01,육상,경상남도 의령군 가례면 가례로10동길 9,312025.7108,310007.4401,35.39891553,128.2109333
67,의령,16,2016-04-01,육상,경상남도 의령군 가례면 가례로10동길 9,312676.3806,309674.8469,35.40481551,128.2073604
67,의령,17,2016-04-01,육상,경상남도 의령군 가례면 가례로10동길 9,312457.9056,309618.4026,35.40285299,128.2067098
67,의령,18,2016-04-01,육상,경상남도 의령군 가례면 가례로10동길 9,312328.8815,309716.9632,35.40167948,128.2077772
67,의령,19,2016-04-01,육상,경상남도 의령군 가례면 가례로10동길 9,312150.0428,309697.0768,35.40007011,128.2075343
67,의령,20,2016-04-01,육상,경상남도 의령군 가례면 가례로10동길 9,312051.6927,309734.3171,35.39917976,128.207931
67,의령,21,2016-04-01,육상,경상남도 의령군 가례면 가례로10동길 9,311905.0412,309707.4634,35.3978612,128.2076157
67,의령,22,2016-04-01,육상,경상남도 의령군 가례면 가례로10동길 9,312880.5759,309748.675,35.40664743,128.2082004
67,의령,23,2016-04-01,육상,경상남도 의령군 가례면 가례로10동길 9,313073.3185,309788.2615,35.40837991,128.2086621
67,의령,24,2016-04-01,육상,경상남도 의령군 가례면 가례로10동길 9,313286.4441,309711.9216,35.41030884,128.2078505
67,의령,25,2016-04-01,육상,경상남도 의령군 가례면 가례로10동길 9,313494.7416,309643.4702,35.41219339,128.207125
68,제주상명,1,2016-07-01,육상,제주특별자치도 제주시 한림읍 금악서길 177,83124.52389,134224.1112,33.33948653,126.2934512
68,제주상명,2,2016-07-01,육상,제주특별자치도 제주시 한림읍 금악서길 177,83094.05499,134036.8418,33.33920038,126.2914419
68,제주상명,3,2016-07-01,육상,제주특별자치도 제주시 한림읍 금악서길 177,83038.66639,133649.958,33.33867724,126.2872905
68,제주상명,4,2016-07-01,육상,제주특별자치도 제주시 한림읍 금악서길 177,83158.2983,133773.5649,33.3397634,126.2886094
68,제주상명,5,2016-07-01,육상,제주특별자치도 제주시 한림읍 금악서길 177,83265.6086,133953.0479,33.3407419,126.2905294
68,제주상명,6,2016-07-01,육상,제주특별자치도 제주시 한림읍 금악서길 177,83350.73232,134123.0998,33.34151976,126.2923497
68,제주상명,7,2016-07-01,육상,제주특별자치도 제주시 한림읍 금악서길 177,83377.64787,134329.988,33.34177506,126.29457
69,홍성모산도,1,2016-08-01,육상,"충청남도 홍성군 서부면 홍보로 1183 신리 616, 616-2,616-12,616-13,616-15",435689.1118,153808.4449,36.51837398,126.4842982
70,고원,1,2016-09-01,육상,강원도 태백시 초막2길 3 (화전동) 주식회사 고원풍력발전,519167.1635,373512.3089,37.25555098,128.9557835
70,고원,2,2016-09-01,육상,강원도 태백시 초막2길 3 (화전동) 주식회사 고원풍력발전,518973.6771,373498.3812,37.25381119,128.9555815
70,고원,3,2016-09-01,육상,강원도 태백시 초막2길 3 (화전동) 주식회사 고원풍력발전,518718.4611,373594.8665,37.25149497,128.956609
70,고원,4,2016-09-01,육상,강원도 태백시 초막2길 3 (화전동) 주식회사 고원풍력발전,518514.3639,373647.2283,37.24964728,128.9571513
70,고원,5,2016-09-01,육상,강원도 태백시 초막2길 3 (화전동) 주식회사 고원풍력발전,518286.5192,373475.8691,37.2476274,128.955168
70,고원,6,2016-09-01,육상,강원도 태백시 초막2길 3 (화전동) 주식회사 고원풍력발전,518098.5021,373625.9881,37.24590633,128.9568152
71,여수금성,1,2016-09-01,육상,전라남도 여수시 돌산읍 성두길 9-15 금성리 산154-5,222416.3707,271721.9968,34.59475734,127.7818222
71,여수금성,2,2016-09-01,육상,전라남도 여수시 돌산읍 성두길 9-15 금성리 산154-5,222618.9157,272047.1484,34.59656024,127.7853835
72,탐라(해상),1,2016-09-01,해상,"제주특별자치도 제주시 한경면 두모11길 19 제주시 한경면 두모리, 금등리 해상",84812.66412,122535.801,33.35392798,126.167764
72,탐라(해상),2,2016-09-01,해상,"제주특별자치도 제주시 한경면 두모11길 19 제주시 한경면 두모리, 금등리 해상",84967.41216,122762.6284,33.35533939,126.1701875
72,탐라(해상),3,2016-09-01,해상,"제주특별자치도 제주시 한경면 두모11길 19 제주시 한경면 두모리, 금등리 해상",85128.59798,122983.9997,33.3568084,126.1725519
72,탐라(해상),4,2016-09-01,해상,"제주특별자치도 제주시 한경면 두모11길 19 제주시 한경면 두모리, 금등리 해상",85294.77488,123202.062,33.35832213,126.1748803
72,탐라(해상),5,2016-09-01,해상,"제주특별자치도 제주시 한경면 두모11길 19 제주시 한경면 두모리, 금등리 해상",85503.52703,123384.6156,33.36021711,126.1768238
72,탐라(해상),6,2016-09-01,해상,"제주특별자치도 제주시 한경면 두모11길 19 제주시 한경면 두모리, 금등리 해상",85608.63923,123640.3645,33.36118292,126.1795625
72,탐라(해상),7,2016-09-01,해상,"제주특별자치도 제주시 한경면 두모11길 19 제주시 한경면 두모리, 금등리 해상",85783.77846,123861.2911,33.36277752,126.1819212
72,탐라(해상),8,2016-09-01,해상,"제주특별자치도 제주시 한경면 두모11길 19 제주시 한경면 두모리, 금등리 해상",85939.90149,124083.8037,33.36420075,126.1842987
72,탐라(해상),9,2016-09-01,해상,"제주특별자치도 제주시 한경면 두모11길 19 제주시 한경면 두모리, 금등리 해상",86106.251,124305.966,33.3657161,126.1866716
72,탐라(해상),10,2016-09-01,해상,"제주특별자치도 제주시 한경면 두모11길 19 제주시 한경면 두모리, 금등리 해상",86283.53013,124515.7205,33.36732908,126.1889104
73,GS천북,1,2016-01-01,해상,경상북도 경주시 천북면 천북산단로2길 103 천북풍력발전소,373215.2985,405704.7166,35.93482776,129.2793956
73,GS천북,2,2016-01-01,해상,경상북도 경주시 천북면 천북산단로2길 103 천북풍력발전소,373421.2632,405740.5399,35.93667499,129.2798456
73,GS천북,3,2016-01-01,해상,경상북도 경주시 천북면 천북산단로2길 103 천북풍력발전소,373624.68,405603.2209,35.9385357,129.2783776
74,경주강동,1,2016-11-01,육상,경상북도 경주시 강동면 사라길 213-21 왕신리 산47-1,376575.0657,408584.1574,35.96447271,129.3121611
74,경주강동,2,2016-11-01,육상,경상북도 경주시 강동면 사라길 213-21 왕신리 산47-1,376428.1347,408693.2917,35.96312628,129.3133314
74,경주강동,3,2016-11-01,육상,경상북도 경주시 강동면 사라길 213-21 왕신리 산47-1,376177.2422,408712.4535,35.96086289,129.3134777
75,영광약수,1,2016-11-01,육상,전라남도 영광군 영광읍 옥당로 108 2층,300053.2489,143488.7101,35.29547831,126.3787195
75,영광약수,2,2016-11-01,육상,전라남도 영광군 영광읍 옥당로 108 2층,300064.6123,143209.4969,35.29556492,126.3756493
75,영광약수,3,2016-11-01,육상,전라남도 영광군 영광읍 옥당로 108 2층,299909.2848,142994.6448,35.29415276,126.3732981
75,영광약수,4,2016-11-01,육상,전라남도 영광군 영광읍 옥당로 108 2층,299722.5262,142857.4226,35.2924617,126.3718026
75,영광약수,5,2016-11-01,육상,전라남도 영광군 영광읍 옥당로 108 2층,299534.4547,142754.2247,35.29076075,126.3706813
75,영광약수,6,2016-11-01,육상,전라남도 영광군 영광읍 옥당로 108 2층,299365.83,143069.6091,35.28925894,126.3741599
76,하장2,1,2016-11-01,육상,강원도 삼척시 하장면 판문길 714-649,517992.322,370826.3227,37.24546728,128.9252542
76,하장2,2,2016-11-01,육상,강원도 삼척시 하장면 판문길 714-649,517836.1339,370686.2881,37.2440864,128.923641
77,전남2(실증단지),1,2016-11-01,육상,전라남도 영광군,299123.1977,140708.6582,35.28693508,126.3482248
78,군산(해상)(실증용),1,2017-01-01,해상,전라북도 군산시,375053.1466,156238.1079,35.97205858,126.5148124
79,어곡,1,2017-02-01,해상,경상남도 양산시 원동면 어실로 1206 양산시 원동면 대리 1040-3,316195.4055,380532.1433,35.42620218,128.9878381
80,강릉대기리,1,2017-03-01,육상,강원도 강릉시 왕산면 안반데기2길 3,557556.1795,353303.1084,37.60482723,128.7360605
80,강릉대기리,2,2017-03-01,육상,강원도 강릉시 왕산면 안반데기2길 3,557866.6817,353266.4649,37.60762964,128.7357107
80,강릉대기리,3,2017-03-01,육상,강원도 강릉시 왕산면 안반데기2길 3,558212.7785,353350.1727,37.61073256,128.7367307
80,강릉대기리,4,2017-03-01,육상,강원도 강릉시 왕산면 안반데기2길 3,558729.9094,353381.1902,37.61538453,128.7371902
80,강릉대기리,5,2017-03-01,육상,강원도 강릉시 왕산면 안반데기2길 3,559780.0237,353294.7491,37.62485598,128.7364316
80,강릉대기리,6,2017-03-01,육상,강원도 강릉시 왕산면 안반데기2길 3,560092.7185,353267.0641,37.62767664,128.7361837
80,강릉대기리,7,2017-03-01,육상,강원도 강릉시 왕산면 안반데기2길 3,560395.8524,353166.5161,37.63042333,128.7351086
80,강릉대기리,8,2017-03-01,육상,강원도 강릉시 왕산면 안반데기2길 3,560654.2815,352987.849,37.63278042,128.7331396
80,강릉대기리,9,2017-03-01,육상,강원도 강릉시 왕산면 안반데기2길 3,560851.0212,352779.4689,37.63458685,128.730821
80,강릉대기리,10,2017-03-01,육상,강원도 강릉시 왕산면 안반데기2길 3,561105.661,352610.8915,37.63690807,128.7289652
80,강릉대기리,11,2017-03-01,육상,강원도 강릉시 왕산면 안반데기2길 3,561584.3961,352765.8329,37.64119369,128.7308198
80,강릉대기리,12,2017-03-01,육상,강원도 강릉시 왕산면 안반데기2길 3,561795.219,352842.4106,37.64307957,128.7317312
80,강릉대기리,13,2017-03-01,육상,강원도 강릉시 왕산면 안반데기2길 3,562062.1528,352921.7951,37.6454703,128.7326861
81,대관령1,1,2017-07-01,육상,강원도 평창군 대관령면 꽃밭양지길 534-3 횡계리 산1-174,573234.2809,351315.128,37.74634919,128.7168083
81,대관령1,2,2017-07-01,육상,강원도 평창군 대관령면 꽃밭양지길 534-3 횡계리 산1-174,573082.1389,351222.3333,37.74499439,128.7157242
82,대기1풍력,1,2017-09-01,육상,강원도 강릉시 왕산면 안반데기2길 327 대기리 2214-102,560014.2525,353724.8156,37.6268936,128.7413503
83,대기2풍력,1,2017-09-01,육상,강원도 강릉시 왕산면 안반데기2길 327 대기리 2214-102,559902.8144,353863.6697,37.6258668,128.7428991
84,하장3,1,2017-01-01,육상,강원도 삼척시 하장면 판문리 산42,518905.2844,371501.9468,37.25356476,128.9330748
84,하장3,2,2017-01-01,육상,강원도 삼척시 하장면 판문리 산42,518720.1549,371496.5072,37.25189862,128.9329709
85,경주2,1,2017-12-01,육상,경상북도 경주시 양남면 외남로 1281-24 / 경주시 양남면 효동리 산501-2,347539.2764,414387.8281,35.70175355,129.368658
85,경주2,2,2017-12-01,육상,경상북도 경주시 양남면 외남로 1281-24 / 경주시 양남면 효동리 산501-2,348122.5101,414218.7575,35.70704234,129.3669467
85,경주2,3,2017-12-01,육상,경상북도 경주시 양남면 외남로 1281-24 / 경주시 양남면 효동리 산501-2,348421.7723,414263.7161,35.70972745,129.3675229
85,경주2,4,2017-12-01,육상,경상북도 경주시 양남면 외남로 1281-24 / 경주시 양남면 효동리 산501-2,348697.2841,414224.0598,35.71221707,129.3671584
85,경주2,5,2017-12-01,육상,경상북도 경주시 양남면 외남로 1281-24 / 경주시 양남면 효동리 산501-2,349131.7285,414270.266,35.71611922,129.3677844
85,경주2,6,2017-12-01,육상,경상북도 경주시 양남면 외남로 1281-24 / 경주시 양남면 효동리 산501-2,349477.9843,414361.3195,35.71921747,129.3688821
85,경주2,7,2017-12-01,육상,경상북도 경주시 양남면 외남로 1281-24 / 경주시 양남면 효동리 산501-2,349714.5054,414471.63,35.72132335,129.3701633
85,경주2,8,2017-12-01,육상,경상북도 경주시 양남면 외남로 1281-24 / 경주시 양남면 효동리 산501-2,349819.7234,414672.7202,35.72222706,129.372412
85,경주2,9,2017-12-01,육상,경상북도 경주시 양남면 외남로 1281-24 / 경주시 양남면 효동리 산501-2,350024.8734,414864.7645,35.72403258,129.3745876
86,순천계월리,1,2017-12-01,육상,전라남도 순천시 월등면 송치길 98 (야망연수원) / 전남 순천 월등면 계월리 산150-2,273285.4736,239403.0515,35.05503179,127.4319216
87,동복리마을,1,2017-12-01,육상,제주특별자치도 제주시 구좌읍 북흘로 255 / 동복리 산 56,104353.4373,174376.6426,33.53259184,126.7241473
88,영양무창,1,2017-12-01,육상,"경상북도 영양군 영양읍 영양창수로 983-130 / 무창리 산62-36, 3-2, 110, 108",447782.5015,399612.9662,36.60757808,129.2309706
88,영양무창,2,2017-12-01,육상,"경상북도 영양군 영양읍 영양창수로 983-130 / 무창리 산62-36, 3-2, 110, 108",447982.0729,399533.727,36.60939171,129.2301373
88,영양무창,3,2017-12-01,육상,"경상북도 영양군 영양읍 영양창수로 983-130 / 무창리 산62-36, 3-2, 110, 108",448296.7619,399598.2509,36.61221185,129.2309396
88,영양무창,4,2017-12-01,육상,"경상북도 영양군 영양읍 영양창수로 983-130 / 무창리 산62-36, 3-2, 110, 108",448543.3436,399517.031,36.6144492,129.2300964
88,영양무창,5,2017-12-01,육상,"경상북도 영양군 영양읍 영양창수로 983-130 / 무창리 산62-36, 3-2, 110, 108",448647.0802,399306.6409,36.61542728,129.2277733
88,영양무창,6,2017-12-01,육상,"경상북도 영양군 영양읍 영양창수로 983-130 / 무창리 산62-36, 3-2, 110, 108",448793.4698,399173.4483,36.61677328,129.2263235
88,영양무창,7,2017-12-01,육상,"경상북도 영양군 영양읍 영양창수로 983-130 / 무창리 산62-36, 3-2, 110, 108",449070.0084,399040.5478,36.61929114,129.2249105
89,신안1(천사),1,2016-01-01,육상,전라남도 신안군 자은면 일대(백산리 271번지 일원 및 고장리 산224-13 일원),254495.2425,108384.6173,34.88229739,125.9978663
89,신안1(천사),2,2016-01-01,육상,전라남도 신안군 자은면 일대(백산리 271번지 일원 및 고장리 산224-13 일원),254682.2197,108562.1541,34.88399853,125.9997876
89,신안1(천사),3,2016-01-01,육상,전라남도 신안군 자은면 일대(백산리 271번지 일원 및 고장리 산224-13 일원),255112.7813,108753.3316,34.88789621,126.0018316
89,신안1(천사),4,2016-01-01,육상,전라남도 신안군 자은면 일대(백산리 271번지 일원 및 고장리 산224-13 일원),255286.711,108901.8215,34.8894771,126.0034369
89,신안1(천사),5,2016-01-01,육상,전라남도 신안군 자은면 일대(백산리 271번지 일원 및 고장리 산224-13 일원),255630.1542,109177.8941,34.89259715,126.0064193
89,신안1(천사),6,2016-01-01,육상,전라남도 신안군 자은면 일대(백산리 271번지 일원 및 고장리 산224-13 일원),255878.2185,109333.9,34.8948468,126.0080988
89,신안1(천사),7,2016-01-01,육상,전라남도 신안군 자은면 일대(백산리 271번지 일원 및 고장리 산224-13 일원),256146.6713,109409.5158,34.89727302,126.0088969
89,신안1(천사),8,2016-01-01,육상,전라남도 신안군 자은면 일대(백산리 271번지 일원 및 고장리 산224-13 일원),256393.4373,109550.5506,34.8995096,126.010413
90,신안2-1(천사),1,2017-06-01,육상,전라남도 신안군 자은면 일대(백산리 271번지 일원 및 고장리 산224-13 일원),256651.7365,109668.3596,34.90184804,126.0116739
90,신안2-1(천사),2,2017-06-01,육상,전라남도 신안군 자은면 일대(백산리 271번지 일원 및 고장리 산224-13 일원),256857.0291,109735.2396,34.90370422,126.0123834
90,신안2-1(천사),3,2017-06-01,육상,전라남도 신안군 자은면 일대(백산리 271번지 일원 및 고장리 산224-13 일원),257087.5862,109815.6112,34.90578929,126.0132378
90,신안2-1(천사),4,2017-06-01,육상,전라남도 신안군 자은면 일대(백산리 271번지 일원 및 고장리 산224-13 일원),257150.5059,110112.2884,34.90638267,126.0164767
90,신안2-1(천사),5,2017-06-01,육상,전라남도 신안군 자은면 일대(백산리 271번지 일원 및 고장리 산224-13 일원),257157.6405,110319.101,34.90646526,126.0187385
90,신안2-1(천사),6,2017-06-01,육상,전라남도 신안군 자은면 일대(백산리 271번지 일원 및 고장리 산224-13 일원),257163.6559,110519.9375,34.9065372,126.0209351
91,신안2-2(천사),1,2018-07-01,육상,전라남도 신안군 자은면 일대(백산리 271번지 일원 및 고장리 산224-13 일원),257097.9352,110733.2062,34.90596365,126.0232753
91,신안2-2(천사),2,2018-07-01,육상,전라남도 신안군 자은면 일대(백산리 271번지 일원 및 고장리 산224-13 일원),257034.9317,111132.3813,34.90543084,126.0276491
91,신안2-2(천사),3,2018-07-01,육상,전라남도 신안군 자은면 일대(백산리 271번지 일원 및 고장리 산224-13 일원),257126.3546,111354.506,34.90627423,126.0300695
91,신안2-2(천사),4,2018-07-01,육상,전라남도 신안군 자은면 일대(백산리 271번지 일원 및 고장리 산224-13 일원),257123.1157,111542.5312,34.90626144,126.0321269
91,신안2-2(천사),5,2018-07-01,육상,전라남도 신안군 자은면 일대(백산리 271번지 일원 및 고장리 산224-13 일원),257047.8409,111678.0082,34.9055948,126.033617
91,신안2-2(천사),6,2018-07-01,육상,전라남도 신안군 자은면 일대(백산리 271번지 일원 및 고장리 산224-13 일원),257009.3031,111900.7323,34.90526682,126.0360577
92,포항신광,1,2018-02-01,육상,"경상북도 포항시 북구 흥해읍 도음로 297-70 / 신광면 냉수리 산14-1산15-1,산16-2,산17,산62-1,산63-1,산64외 9필지",390002.9326,405241.8513,36.08610083,129.278619
92,포항신광,2,2018-02-01,육상,"경상북도 포항시 북구 흥해읍 도음로 297-70 / 신광면 냉수리 산14-1산15-1,산16-2,산17,산62-1,산63-1,산64외 9필지",390284.815,405115.4703,36.08866587,129.2772902
92,포항신광,3,2018-02-01,육상,"경상북도 포항시 북구 흥해읍 도음로 297-70 / 신광면 냉수리 산14-1산15-1,산16-2,산17,산62-1,산63-1,산64외 9필지",390533.7067,404997.2967,36.09093208,129.2760437
92,포항신광,4,2018-02-01,육상,"경상북도 포항시 북구 흥해읍 도음로 297-70 / 신광면 냉수리 산14-1산15-1,산16-2,산17,산62-1,산63-1,산64외 9필지",390820.4912,405143.9655,36.09348365,129.2777456
92,포항신광,5,2018-02-01,육상,"경상북도 포항시 북구 흥해읍 도음로 297-70 / 신광면 냉수리 산14-1산15-1,산16-2,산17,산62-1,산63-1,산64외 9필지",391152.2332,405098.4719,36.09648061,129.277327
92,포항신광,6,2018-02-01,육상,"경상북도 포항시 북구 흥해읍 도음로 297-70 / 신광면 냉수리 산14-1산15-1,산16-2,산17,산62-1,산63-1,산64외 9필지",391464.4648,405073.1755,36.09929761,129.2771275
93,삼천포,1,2018-07-01,육상,경상남도 사천시,256859.114,301634.2013,34.90264863,128.111994
94,노동풍력,1,2018-09-01,육상,강원도 평창군 용평면 운두령로 1243 / 노동리 산1-5,568567.8584,327540.3682,37.70793975,128.4463305
95,정암,1,2018-01-01,육상,강원도 정선군 고한읍 고한6길 16 (신한은행) / 3층,509390.1803,365928.8723,37.1688834,128.8681747
95,정암,2,2018-01-01,육상,강원도 정선군 고한읍 고한6길 16 (신한은행) / 3층,509432.0632,366127.5851,37.1692253,128.8704202
95,정암,3,2018-01-01,육상,강원도 정선군 고한읍 고한6길 16 (신한은행) / 3층,509277.1134,366365.7745,37.16778751,128.8730662
95,정암,4,2018-01-01,육상,강원도 정선군 고한읍 고한6길 16 (신한은행) / 3층,509317.2874,366579.9496,37.16811117,128.8754853
95,정암,5,2018-01-01,육상,강원도 정선군 고한읍 고한6길 16 (신한은행) / 3층,509386.6723,366797.92,37.16869717,128.8779536
95,정암,6,2018-01-01,육상,강원도 정선군 고한읍 고한6길 16 (신한은행) / 3층,509429.6093,367431.1862,37.16897066,128.8850896
95,정암,7,2018-01-01,육상,강원도 정선군 고한읍 고한6길 16 (신한은행) / 3층,509113.8557,367754.9644,37.16606905,128.8886624
95,정암,8,2018-01-01,육상,강원도 정선군 고한읍 고한6길 16 (신한은행) / 3층,508882.0383,367867.3508,37.16396122,128.889875
95,정암,9,2018-01-01,육상,강원도 정선군 고한읍 고한6길 16 (신한은행) / 3층,508733.5747,368071.9737,37.16258745,128.8921442
95,정암,10,2018-01-01,육상,강원도 정선군 고한읍 고한6길 16 (신한은행) / 3층,508343.4352,368130.7555,37.15906343,128.892718
95,정암,11,2018-01-01,육상,강원도 정선군 고한읍 고한6길 16 (신한은행) / 3층,508151.134,368093.1563,37.15733839,128.8922518
95,정암,12,2018-01-01,육상,강원도 정선군 고한읍 고한6길 16 (신한은행) / 3층,507930.9783,368136.2111,37.155348,128.8926868
95,정암,13,2018-01-01,육상,강원도 정선군 고한읍 고한6길 16 (신한은행) / 3층,507736.0102,368175.7978,37.15358507,128.8930884
95,정암,14,2018-01-01,육상,강원도 정선군 고한읍 고한6길 16 (신한은행) / 3층,507570.8115,368204.9861,37.1520921,128.8933797
96,영광실증,1,2018-01-01,육상,전라남도 영광군 백수읍 백수로3길 132-1,299089.5005,140079.3831,35.2865939,126.3413102
97,하장4,1,2018-11-01,육상,강원도 삼척시 하장면 판문길 714-647 / 하장4풍력발전소,517669.981,370818.8302,37.24256586,128.925096
98,울진 현종산,1,2019-03-01,육상,경상북도 울진군 기성면 삼산신흥로 778 / 881-77번지(도로명주소 미등록),475940.9003,411684.3969,36.85850093,129.3735809
98,울진 현종산,2,2019-03-01,육상,경상북도 울진군 기성면 삼산신흥로 778 / 881-77번지(도로명주소 미등록),476342.5164,411851.0711,36.86207946,129.3755603
98,울진 현종산,3,2019-03-01,육상,경상북도 울진군 기성면 삼산신흥로 778 / 881-77번지(도로명주소 미등록),476615.0501,412024.5931,36.86449426,129.3775806
98,울진 현종산,4,2019-03-01,육상,경상북도 울진군 기성면 삼산신흥로 778 / 881-77번지(도로명주소 미등록),476787.1382,413425.0189,36.86572849,129.3933205
98,울진 현종산,5,2019-03-01,육상,경상북도 울진군 기성면 삼산신흥로 778 / 881-77번지(도로명주소 미등록),476671.1542,413844.2355,36.86458954,129.3979852
98,울진 현종산,6,2019-03-01,육상,경상북도 울진군 기성면 삼산신흥로 778 / 881-77번지(도로명주소 미등록),477004.5298,413302.5565,36.86771334,129.3920094
98,울진 현종산,7,2019-03-01,육상,경상북도 울진군 기성면 삼산신흥로 778 / 881-77번지(도로명주소 미등록),477291.1219,413142.7029,36.87032963,129.3902986
98,울진 현종산,8,2019-03-01,육상,경상북도 울진군 기성면 삼산신흥로 778 / 881-77번지(도로명주소 미등록),477551.5734,413242.2264,36.87265207,129.391487
98,울진 현종산,9,2019-03-01,육상,경상북도 울진군 기성면 삼산신흥로 778 / 881-77번지(도로명주소 미등록),476979.6167,411817.9982,36.86782285,129.3753674
98,울진 현종산,10,2019-03-01,육상,경상북도 울진군 기성면 삼산신흥로 778 / 881-77번지(도로명주소 미등록),476732.0209,411566.4204,36.86565002,129.3724794
98,울진 현종산,11,2019-03-01,육상,경상북도 울진군 기성면 삼산신흥로 778 / 881-77번지(도로명주소 미등록),476399.0171,411392.4475,36.8626908,129.3704373
98,울진 현종산,12,2019-03-01,육상,경상북도 울진군 기성면 삼산신흥로 778 / 881-77번지(도로명주소 미등록),476527.2576,410872.2985,36.86396155,129.3646448
98,울진 현종산,13,2019-03-01,육상,경상북도 울진군 기성면 삼산신흥로 778 / 881-77번지(도로명주소 미등록),476819.9468,410638.0654,36.86664895,129.3621014
98,울진 현종산,14,2019-03-01,육상,경상북도 울진군 기성면 삼산신흥로 778 / 881-77번지(도로명주소 미등록),477272.8691,410688.6619,36.87071549,129.362794
98,울진 현종산,15,2019-03-01,육상,경상북도 울진군 기성면 삼산신흥로 778 / 881-77번지(도로명주소 미등록),477445.8296,411402.3053,36.87211336,129.3708392
99,영광(육상),5,2019-01-01,육상,"전라남도 영광군 백수읍 하사리,약수리, 염산면 축동리,신성리,송암리 일원",294441.5438,139572.6919,35.24467219,126.3360824
99,영광(육상),6,2019-01-01,육상,"전라남도 영광군 백수읍 하사리,약수리, 염산면 축동리,신성리,송암리 일원",294423.2659,139820.2532,35.24452235,126.3388036
99,영광(육상),7,2019-01-01,육상,"전라남도 영광군 백수읍 하사리,약수리, 염산면 축동리,신성리,송암리 일원",294583.249,140093.2902,35.24598061,126.3417916
99,영광(육상),8,2019-01-01,육상,"전라남도 영광군 백수읍 하사리,약수리, 염산면 축동리,신성리,송암리 일원",294657.9142,140374.9719,35.24667035,126.3448809
99,영광(육상),9,2019-01-01,육상,"전라남도 영광군 백수읍 하사리,약수리, 염산면 축동리,신성리,송암리 일원",294709.7302,140640.2559,35.2471531,126.3477918
99,영광(육상),10,2019-01-01,육상,"전라남도 영광군 백수읍 하사리,약수리, 염산면 축동리,신성리,송암리 일원",294740.0896,140926.6872,35.24744364,126.3509365
99,영광(육상),11,2019-01-01,육상,"전라남도 영광군 백수읍 하사리,약수리, 염산면 축동리,신성리,송암리 일원",294734.1304,141246.6294,35.24740874,126.3544521
99,영광(육상),12,2019-01-01,육상,"전라남도 영광군 백수읍 하사리,약수리, 염산면 축동리,신성리,송암리 일원",294732.4686,141564.0424,35.24741231,126.3579396
99,영광(육상),13,2019-01-01,육상,"전라남도 영광군 백수읍 하사리,약수리, 염산면 축동리,신성리,송암리 일원",294733.8616,141885.3274,35.24744354,126.3614694
99,영광(육상),14,2019-01-01,육상,"전라남도 영광군 백수읍 하사리,약수리, 염산면 축동리,신성리,송암리 일원",294803.1343,142159.2383,35.24808373,126.3644739
99,영광(육상),15,2019-01-01,육상,"전라남도 영광군 백수읍 하사리,약수리, 염산면 축동리,신성리,송암리 일원",294899.2642,142425.3629,35.24896546,126.3673911
99,영광(육상),16,2019-01-01,육상,"전라남도 영광군 백수읍 하사리,약수리, 염산면 축동리,신성리,송암리 일원",295000.2516,142694.287,35.24989106,126.3703387
99,영광(육상),17,2019-01-01,육상,"전라남도 영광군 백수읍 하사리,약수리, 염산면 축동리,신성리,송암리 일원",295103.4387,142950.4442,35.25083569,126.373146
99,영광(육상),20,2019-01-01,육상,"전라남도 영광군 백수읍 하사리,약수리, 염산면 축동리,신성리,송암리 일원",293852.0233,143309.5907,35.23957714,126.3771783
99,영광(육상),19,2019-01-01,육상,"전라남도 영광군 백수읍 하사리,약수리, 염산면 축동리,신성리,송암리 일원",293973.8281,143497.7308,35.24068558,126.3792368
99,영광(육상),18,2019-01-01,육상,"전라남도 영광군 백수읍 하사리,약수리, 염산면 축동리,신성리,송암리 일원",294146.3062,143711.2077,35.24225212,126.3815703
99,영광(육상),1,2019-01-01,육상,"전라남도 영광군 백수읍 하사리,약수리, 염산면 축동리,신성리,송암리 일원",295107.8488,138844.8895,35.25063337,126.328037
99,영광(육상),2,2019-01-01,육상,"전라남도 영광군 백수읍 하사리,약수리, 염산면 축동리,신성리,송암리 일원",295346.7889,139401.1932,35.25282068,126.3341316
99,영광(육상),3,2019-01-01,육상,"전라남도 영광군 백수읍 하사리,약수리, 염산면 축동리,신성리,송암리 일원",295437.9729,139717.8434,35.25366161,126.3376041
99,영광(육상),4,2019-01-01,육상,"전라남도 영광군 백수읍 하사리,약수리, 염산면 축동리,신성리,송암리 일원",295446.6661,140067.8245,35.25376095,126.3414489
100,영광(해상),3,2019-01-01,해상,"전라남도 영광군 백수읍 하사리,약수리, 염산면 축동리,신성리,송암리 일원",294525.8137,138098.3617,35.24534176,126.3198786
100,영광(해상),2,2019-01-01,해상,"전라남도 영광군 백수읍 하사리,약수리, 염산면 축동리,신성리,송암리 일원",294445.0826,138297.7557,35.24462644,126.3220753
100,영광(해상),1,2019-01-01,해상,"전라남도 영광군 백수읍 하사리,약수리, 염산면 축동리,신성리,송암리 일원",294168.2779,138515.887,35.24214504,126.3244924
100,영광(해상),13,2019-01-01,해상,"전라남도 영광군 백수읍 하사리,약수리, 염산면 축동리,신성리,송암리 일원",294368.1545,138957.7279,35.24397349,126.3293317
100,영광(해상),14,2019-01-01,해상,"전라남도 영광군 백수읍 하사리,약수리, 염산면 축동리,신성리,송암리 일원",294428.9614,139260.581,35.24453993,126.3326544
100,영광(해상),11,2019-01-01,해상,"전라남도 영광군 백수읍 하사리,약수리, 염산면 축동리,신성리,송암리 일원",295295.7178,138476.9741,35.25230408,126.3239806
100,영광(해상),12,2019-01-01,해상,"전라남도 영광군 백수읍 하사리,약수리, 염산면 축동리,신성리,송암리 일원",295208.0181,139111.1608,35.25155239,126.3309551
100,영광(해상),10,2019-01-01,해상,"전라남도 영광군 백수읍 하사리,약수리, 염산면 축동리,신성리,송암리 일원",296421.1335,138304.9594,35.26243668,126.3220061
100,영광(해상),9,2019-01-01,해상,"전라남도 영광군 백수읍 하사리,약수리, 염산면 축동리,신성리,송암리 일원",296643.7771,138444.263,35.26445189,126.3235202
100,영광(해상),8,2019-01-01,해상,"전라남도 영광군 백수읍 하사리,약수리, 염산면 축동리,신성리,송암리 일원",296825.2103,138620.8093,35.26609795,126.3254467
100,영광(해상),15,2019-01-01,해상,"전라남도 영광군 백수읍 하사리,약수리, 염산면 축동리,신성리,송암리 일원",297002.8895,138799.5045,35.26771027,126.3273972
100,영광(해상),7,2019-01-01,해상,"전라남도 영광군 백수읍 하사리,약수리, 염산면 축동리,신성리,송암리 일원",297562.4839,138609.5747,35.27274216,126.3252682
100,영광(해상),6,2019-01-01,해상,"전라남도 영광군 백수읍 하사리,약수리, 염산면 축동리,신성리,송암리 일원",297825.6311,138722.6281,35.27512078,126.326491
100,영광(해상),4,2019-01-01,해상,"전라남도 영광군 백수읍 하사리,약수리, 염산면 축동리,신성리,송암리 일원",298090.6154,138840.6407,35.27751624,126.3277683
100,영광(해상),5,2019-01-01,해상,"전라남도 영광군 백수읍 하사리,약수리, 염산면 축동리,신성리,송암리 일원",298411.065,139043.3046,35.28041675,126.3299719
101,완도 신지,1,2019-01-01,육상,전라남도 완도군 신지면 신지로 1134-287,191184.4427,189153.4562,34.31566063,126.8821561
101,완도 신지,2,2019-01-01,육상,전라남도 완도군 신지면 신지로 1134-287,191051.5907,188961.0074,34.31446096,126.8800669
101,완도 신지,3,2019-01-01,육상,전라남도 완도군 신지면 신지로 1134-287,190884.0535,188808.8057,34.31294901,126.8784155
101,완도 신지,4,2019-01-01,육상,전라남도 완도군 신지면 신지로 1134-287,190717.9166,189019.2193,34.31145356,126.8807036
101,완도 신지,5,2019-01-01,육상,전라남도 완도군 신지면 신지로 1134-287,190652.7819,188592.425,34.31086178,126.8760678
102,제주수망,1,2019-11-01,육상,제주특별자치도 서귀포시 제주도 서귀포시,85724.23505,169384.2211,33.36450013,126.6710359
102,제주수망,2,2019-11-01,육상,제주특별자치도 서귀포시 제주도 서귀포시,86102.19379,169295.2446,33.36790531,126.6700671
102,제주수망,3,2019-11-01,육상,제주특별자치도 서귀포시 제주도 서귀포시,86417.60991,169298.8766,33.37074923,126.6700953
102,제주수망,4,2019-11-01,육상,제주특별자치도 서귀포시 제주도 서귀포시,86195.01712,169029.1506,33.36873458,126.6672046
102,제주수망,5,2019-11-01,육상,제주특별자치도 서귀포시 제주도 서귀포시,85708.67229,169132.2082,33.36435262,126.6683287
102,제주수망,6,2019-11-01,육상,제주특별자치도 서귀포시 제주도 서귀포시,85992.17087,168852.8572,33.36690061,126.6653173
102,제주수망,7,2019-11-01,육상,제주특별자치도 서귀포시 제주도 서귀포시,86048.40131,168609.4991,33.36740051,126.6627005
103,영양양구,1,2019-11-01,육상,경상북도 영양군 석보면 홍계길 449-7,444404.134,397854.7318,36.57752303,129.2104648
103,영양양구,2,2019-11-01,육상,경상북도 영양군 석보면 홍계길 449-7,443524.7544,398214.9674,36.56952978,129.2142605
103,영양양구,3,2019-11-01,육상,경상북도 영양군 석보면 홍계길 449-7,443761.789,398107.9233,36.57168642,129.2131264
103,영양양구,4,2019-11-01,육상,경상북도 영양군 석보면 홍계길 449-7,443978.809,398049.3481,36.57365277,129.2125283
103,영양양구,5,2019-11-01,육상,경상북도 영양군 석보면 홍계길 449-7,444153.9885,398000.6533,36.5752403,129.2120296
103,영양양구,6,2019-11-01,육상,경상북도 영양군 석보면 홍계길 449-7,444301.0868,397949.5395,36.57657548,129.2114968
103,영양양구,7,2019-11-01,육상,경상북도 영양군 석보면 홍계길 449-7,444517.8378,397781.8501,36.578562,129.2096803
103,영양양구,8,2019-11-01,육상,경상북도 영양군 석보면 홍계길 449-7,444701.4814,397706.9503,36.58023117,129.2088911
103,영양양구,9,2019-11-01,육상,경상북도 영양군 석보면 홍계길 449-7,445118.4255,397586.1496,36.58401064,129.2076494
103,영양양구,10,2019-11-01,육상,경상북도 영양군 석보면 홍계길 449-7,445256.6042,397347.0154,36.58530436,129.2050147
103,영양양구,11,2019-11-01,육상,경상북도 영양군 석보면 홍계길 449-7,445506.8139,397151.5995,36.5875978,129.2028968
103,영양양구,12,2019-11-01,육상,경상북도 영양군 석보면 홍계길 449-7,445854.2535,396962.1681,36.59076551,129.2008704
103,영양양구,13,2019-11-01,육상,경상북도 영양군 석보면 홍계길 449-7,446035.9995,396844.2601,36.59242641,129.1996002
103,영양양구,14,2019-11-01,육상,경상북도 영양군 석보면 홍계길 449-7,446239.6537,396865.0474,36.59425599,129.1998845
103,영양양구,15,2019-11-01,육상,경상북도 영양군 석보면 홍계길 449-7,446460.7376,396761.3365,36.59626818,129.1987828
103,영양양구,16,2019-11-01,육상,경상북도 영양군 석보면 홍계길 449-7,446769.0937,396041.1399,36.59919305,129.1908186
103,영양양구,17,2019-11-01,육상,경상북도 영양군 석보면 홍계길 449-7,446976.4596,395903.6775,36.60108857,129.1893362
103,영양양구,18,2019-11-01,육상,경상북도 영양군 석보면 홍계길 449-7,447219.3917,395599.2942,36.60333856,129.1859985
103,영양양구,19,2019-11-01,육상,경상북도 영양군 석보면 홍계길 449-7,447333.3388,395831.1753,36.60431709,129.1886173
103,영양양구,20,2019-11-01,육상,경상북도 영양군 석보면 홍계길 449-7,444951.6267,397652.6903,36.58249489,129.2083495
103,영양양구,21,2019-11-01,육상,경상북도 영양군 석보면 홍계길 449-7,446652.7205,396116.6951,36.59812961,129.1916327
103,영양양구,22,2019-11-01,육상,경상북도 영양군 석보면 홍계길 449-7,443648.2543,398170.3956,36.57065111,129.2137946
104,태백귀네미,12,2020-09-01,육상,강원도 태백시 하사미동 산220-3 일원,528058.7545,376805.7346,37.335,128.995
104,태백 귀네미,1,2020-09-01,육상,강원도 태백시 하사미동 산220-3 일원,526838.5351,376009.0831,37.32416326,128.9857265
104,태백 귀네미,2,2020-09-01,육상,강원도 태백시 하사미동 산220-3 일원,526991.3989,376050.871,37.32553187,128.9862339
104,태백 귀네미,3,2020-09-01,육상,강원도 태백시 하사미동 산220-3 일원,527567.4545,376265.7993,37.33067846,128.9887942
104,태백 귀네미,4,2020-09-01,육상,강원도 태백시 하사미동 산220-3 일원,527623.7883,376344.8123,37.33117075,128.9896986
104,태백 귀네미,5,2020-09-01,육상,강원도 태백시 하사미동 산220-3 일원,527730.5515,376339.7898,37.33213309,128.9896674
104,태백 귀네미,6,2020-09-01,육상,강원도 태백시 하사미동 산220-3 일원,527986.5043,376456.6467,37.33441574,128.991046
104,태백 귀네미,7,2020-09-01,육상,강원도 태백시 하사미동 산220-3 일원,527861.6563,376402.926,37.33330169,128.9904105
104,태백 귀네미,8,2020-09-01,육상,강원도 태백시 하사미동 산220-3 일원,528248.5271,376961.7894,37.33667917,128.9968051
104,태백 귀네미,9,2020-09-01,육상,강원도 태백시 하사미동 산220-3 일원,528337.8182,377058.8575,37.33746473,128.9979211
104,태백 귀네미,10,2020-09-01,육상,강원도 태백시 하사미동 산220-3 일원,528166.8763,376872.5227,37.33596091,128.9957789
104,태백 귀네미,11,2020-09-01,육상,강원도 태백시 하사미동 산220-3 일원,528063.8778,376825.6637,37.33504234,128.9952259
105,군위 화산,1,2020-06-01,육상,"경상북도 군위군 영천시 신녕면 화남리 산64, 군위군 고로면 화북리 산229-1번지 외 3필지",389421.1474,360950.9085,36.08920099,128.787022
105,군위 화산,2,2020-06-01,육상,"경상북도 군위군 영천시 신녕면 화남리 산64, 군위군 고로면 화북리 산229-1번지 외 3필지",389258.1036,361001.2633,36.08772399,128.7875476
105,군위 화산,3,2020-06-01,육상,"경상북도 군위군 영천시 신녕면 화남리 산64, 군위군 고로면 화북리 산229-1번지 외 3필지",390041.2469,360147.5766,36.09491941,128.7782324
105,군위 화산,4,2020-06-01,육상,"경상북도 군위군 영천시 신녕면 화남리 산64, 군위군 고로면 화북리 산229-1번지 외 3필지",389099.0536,360506.3699,36.08637311,128.782023
105,군위 화산,5,2020-06-01,육상,"경상북도 군위군 영천시 신녕면 화남리 산64, 군위군 고로면 화북리 산229-1번지 외 3필지",389073.6417,360986.9066,36.08606477,128.7873506
105,군위 화산,6,2020-06-01,육상,"경상북도 군위군 영천시 신녕면 화남리 산64, 군위군 고로면 화북리 산229-1번지 외 3필지",389873.5085,360358.346,36.0933737,128.7805376
105,군위 화산,7,2020-06-01,육상,"경상북도 군위군 영천시 신녕면 화남리 산64, 군위군 고로면 화북리 산229-1번지 외 3필지",389108.5442,360800.2899,36.08641004,128.7852867
106,청송 노래산,1,2019-11-01,육상,경상북도 청송군 안덕면 노래리 산68-1번지 일원,421070.1921,379507.3988,36.37099958,129.0001951
106,청송 노래산,2,2019-11-01,육상,경상북도 청송군 안덕면 노래리 산68-1번지 일원,421362.922,379548.0485,36.3736284,129.0007153
106,청송 노래산,3,2019-11-01,육상,경상북도 청송군 안덕면 노래리 산68-1번지 일원,422179.9152,378864.3122,36.38111382,128.9932884
106,청송 노래산,4,2019-11-01,육상,경상북도 청송군 안덕면 노래리 산68-1번지 일원,422513.6918,378880.2603,36.38411694,128.9935428
106,청송 노래산,5,2019-11-01,육상,경상북도 청송군 안덕면 노래리 산68-1번지 일원,422846.6297,378910.4514,36.38710986,128.9939557
106,청송 노래산,6,2019-11-01,육상,경상북도 청송군 안덕면 노래리 산68-1번지 일원,423129.5139,379018.5611,36.38963748,128.995225
107,북촌 서모,1,2020-07-01,육상,제주특별자치도 제주시 구좌읍 북흘로 255,103700.8908,172779.1972,33.52666905,126.7069698
108,서남해(실증단지),1,2020-12-01,해상,전라북도 부안군 위도 및 전남 영광군 안마도 해상 일원,321265.8072,140220.7242,35.48646991,126.3412407
108,서남해(실증단지),2,2020-12-01,해상,전라북도 부안군 위도 및 전남 영광군 안마도 해상 일원,320696.4206,139657.3097,35.48130426,126.3350746
108,서남해(실증단지),3,2020-12-01,해상,전라북도 부안군 위도 및 전남 영광군 안마도 해상 일원,320130.0354,139093.8345,35.47616534,126.3289084
108,서남해(실증단지),4,2020-12-01,해상,전라북도 부안군 위도 및 전남 영광군 안마도 해상 일원,319563.6531,138530.3593,35.47102614,126.322743
108,서남해(실증단지),5,2020-12-01,해상,전라북도 부안군 위도 및 전남 영광군 안마도 해상 일원,318997.2128,137963.8856,35.46588592,126.3165453
108,서남해(실증단지),6,2020-12-01,해상,전라북도 부안군 위도 및 전남 영광군 안마도 해상 일원,321673.8816,139535.495,35.49010622,126.3336597
108,서남해(실증단지),7,2020-12-01,해상,전라북도 부안군 위도 및 전남 영광군 안마도 해상 일원,321107.4536,138970.0234,35.48496673,126.3274709
108,서남해(실증단지),8,2020-12-01,해상,전라북도 부안군 위도 및 전남 영광군 안마도 해상 일원,320541.0691,138406.551,35.47982744,126.321305
108,서남해(실증단지),9,2020-12-01,해상,전라북도 부안군 위도 및 전남 영광군 안마도 해상 일원,319971.6686,137842.1399,35.47466059,126.3151297
108,서남해(실증단지),10,2020-12-01,해상,전라북도 부안군 위도 및 전남 영광군 안마도 해상 일원,319405.2898,137278.6675,35.46952073,126.3089653
108,서남해(실증단지),11,2020-12-01,해상,전라북도 부안군 위도 및 전남 영광군 안마도 해상 일원,322085.9109,138848.1869,35.49377756,126.3260548
108,서남해(실증단지),12,2020-12-01,해상,전라북도 부안군 위도 및 전남 영광군 안마도 해상 일원,321515.5058,138283.7988,35.48860191,126.3198785
108,서남해(실증단지),13,2020-12-01,해상,전라북도 부안군 위도 및 전남 영광군 안마도 해상 일원,320950.1214,137720.3088,35.48347125,126.3137124
108,서남해(실증단지),14,2020-12-01,해상,전라북도 부안군 위도 및 전남 영광군 안마도 해상 일원,320383.7404,137156.8392,35.47833129,126.3075475
108,서남해(실증단지),15,2020-12-01,해상,전라북도 부안군 위도 및 전남 영광군 안마도 해상 일원,319817.3014,136590.3711,35.47319031,126.3013503
108,서남해(실증단지),16,2020-12-01,해상,전라북도 부안군 위도 및 전남 영광군 안마도 해상 일원,322493.9194,138159.9617,35.49741212,126.3184394
108,서남해(실증단지),17,2020-12-01,해상,전라북도 부안군 위도 및 전남 영광군 안마도 해상 일원,321924.4739,137593.5571,35.4922446,126.312241
108,서남해(실증단지),18,2020-12-01,해상,전라북도 부안군 위도 및 전남 영광군 안마도 해상 일원,321361.15,137033.0279,35.48713231,126.3061076
108,서남해(실증단지),19,2020-12-01,해상,전라북도 부안군 위도 및 전남 영광군 안마도 해상 일원,320791.771,136469.6219,35.48196496,126.2999439
108,서남해(실증단지),20,2020-12-01,해상,전라북도 부안군 위도 및 전남 영광군 안마도 해상 일원,320225.3732,135905.1556,35.4768241,126.2937689
109,태백 가덕산,12,2020-09-01,육상,"강원도 태백시 원동 산97, 산13-1일원",521466.8259,374501.5316,37.27607498,128.9674667
109,태백 가덕산,11,2020-09-01,육상,"강원도 태백시 원동 산97, 산13-1일원",521799.9578,374471.2286,37.27908054,128.9672033
109,태백 가덕산,10,2020-09-01,육상,"강원도 태백시 원동 산97, 산13-1일원",522068.9084,374562.2545,37.2814854,128.9682922
109,태백 가덕산,9,2020-09-01,육상,"강원도 태백시 원동 산97, 산13-1일원",522309.9941,374416.2513,37.28368375,128.9667033
109,태백 가덕산,8,2020-09-01,육상,"강원도 태백시 원동 산97, 산13-1일원",522612.107,374102.8566,37.28646295,128.9632421
109,태백 가덕산,7,2020-09-01,육상,"강원도 태백시 원동 산97, 산13-1일원",522755.4531,373816.2809,37.28780734,128.9600458
109,태백 가덕산,6,2020-09-01,육상,"강원도 태백시 원동 산97, 산13-1일원",522861.779,373553.4832,37.28881385,128.9571087
109,태백 가덕산,5,2020-09-01,육상,"강원도 태백시 원동 산97, 산13-1일원",523104.3049,373328.4569,37.29103975,128.954629
109,태백 가덕산,4,2020-09-01,육상,"강원도 태백시 원동 산97, 산13-1일원",522965.581,373039.573,37.28984426,128.9513407
109,태백 가덕산,3,2020-09-01,육상,"강원도 태백시 원동 산97, 산13-1일원",522608.733,372949.7307,37.28664749,128.9502452
109,태백 가덕산,2,2020-09-01,육상,"강원도 태백시 원동 산97, 산13-1일원",522364.4494,372913.3883,37.28445443,128.9497788
109,태백 가덕산,1,2020-09-01,육상,"강원도 태백시 원동 산97, 산13-1일원",522110.3858,373011.7269,37.28214828,128.950828
110,태백 삼수,1,2020-11-01,육상,강원도 태백시 창죽동 산1-172번지,517846.6115,375220.1403,37.24333982,128.9747129
110,태백 삼수,2,2020-11-01,육상,강원도 태백시 창죽동 산1-172번지,517261.2672,374973.9727,37.23811495,128.9718027
110,태백 삼수,3,2020-11-01,육상,강원도 태백시 창죽동 산1-172번지,517123.4285,374750.3928,37.23691562,128.9692522
110,태백 삼수,4,2020-11-01,육상,강원도 태백시 창죽동 산1-172번지,516715.9165,374611.7329,37.23327188,128.9675951
110,태백 삼수,5,2020-11-01,육상,강원도 태백시 창죽동 산1-172번지,516500.252,374445.1903,37.23136095,128.965669
111,전남4,1,2022-03-01,육상,전남 영광군 백수읍 백수로3길 338-26,298726.9577,141322.4461,35.2834,126.355
112,양산원동,1,2022-07-01,육상,경남 양산시 원동면 영포리 산21-3(늘밭로방향),314895.4336,379936.8383,35.4146,128.981
112,양산원동,2,2022-07-01,육상,경남 양산시 원동면 영포리 산21-3(늘밭로방향),314553.2474,380034.5801,35.4115,128.982
112,양산원동,3,2022-07-01,육상,경남 양산시 원동면 영포리 산21-3(늘밭로방향),313356.7722,379604.0929,35.4008,128.977
112,양산원동,4,2022-07-01,육상,경남 양산시 원동면 영포리 산21-3(늘밭로방향),313003.4861,379702.0558,35.3976,128.978
112,양산원동,5,2022-07-01,육상,경남 양산시 원동면 영포리 산21-3(늘밭로방향),312674.2139,379890.447,35.3946,128.98
112,양산원동,6,2022-07-01,육상,경남 양산시 원동면 영포리 산21-3(늘밭로방향),312409.7063,379986.6482,35.3922,128.981
112,양산원동,7,2022-07-01,육상,경남 양산시 원동면 영포리 산21-3(늘밭로방향),312121.1849,379992.4279,35.3896,128.981
112,양산원동,8,2022-07-01,육상,경남 양산시 원동면 영포리 산21-3(늘밭로방향),311797.5529,379907.9995,35.3867,128.98
113,경주호림,1,2022-11-01,육상,경상북도 경주시 강동면 강동산단로 43-3,376004.9,408763.6946,35.9593,129.314
114,태백원동,1,2022-12-01,육상,강원특별자치도 태백시 원동 산 13-7,522271.6715,374088.4418,37.2834,128.963
114,태백원동,2,2022-12-01,육상,강원특별자치도 태백시 원동 산 13-7,521699.9797,374898.9599,37.2781,128.972
114,태백원동,3,2022-12-01,육상,강원특별자치도 태백시 원동 산 13-7,521313.3282,374995.7664,37.2746,128.973
114,태백원동,4,2022-12-01,육상,강원특별자치도 태백시 원동 산 13-7,521006.23,375179.6666,37.2718,128.975
114,태백원동,5,2022-12-01,육상,강원특별자치도 태백시 원동 산 13-7,520654.7354,375364.5077,37.2686,128.977
115,신흥,1,2022-11-01,육상,전남 무안군 운남면 내리 607-9,264517.3009,136900.0127,34.9748,126.309
115,신흥,2,2022-11-01,육상,전남 무안군 운남면 내리 607-9,264872.3183,136902.4672,34.978,126.309
115,신흥,3,2022-11-01,육상,전남 무안군 운남면 내리 607-9,265370.9308,136997.2291,34.9825,126.31
115,신흥,4,2022-11-01,육상,전남 무안군 운남면 내리 607-9,265724.6895,137182.2931,34.9857,126.312
116,평창청산,6,2021-01-01,육상,강원특별자치도 평창군 봉평면 진조리 산 80-5,551153.7587,314521.1694,37.5528,128.296
116,평창청산,5,2021-01-01,육상,강원특별자치도 평창군 봉평면 진조리 산 80-5,551532.3622,314604.3306,37.5562,128.297
116,평창청산,4,2021-01-01,육상,강원특별자치도 평창군 봉평면 진조리 산 80-5,552186.0167,314506.9344,37.5621,128.296
116,평창청산,3,2021-01-01,육상,강원특별자치도 평창군 봉평면 진조리 산 80-5,552639.8805,314412.3046,37.5662,128.295
116,평창청산,2,2021-01-01,육상,강원특별자치도 평창군 봉평면 진조리 산 80-5,552895.1705,314408.786,37.5685,128.295
116,평창청산,1,2021-01-01,육상,강원특별자치도 평창군 봉평면 진조리 산 80-5,553113.5129,314140.682,37.5705,128.292
117,장흥,1,2021-09-01,육상,전남 장흥군 유치면 송정리 산 3-7,241461.744,190662.5016,34.7689,126.898
117,장흥,2,2021-09-01,육상,전남 장흥군 유치면 송정리 산 3-7,241561.3121,190937.2324,34.7698,126.901
117,장흥,3,2021-09-01,육상,전남 장흥군 유치면 송정리 산 3-7,241627.6074,191211.9254,34.7704,126.904
117,장흥,4,2021-09-01,육상,전남 장흥군 유치면 송정리 산 3-7,241793.7538,191486.7069,34.7719,126.907
117,장흥,5,2021-09-01,육상,전남 장흥군 유치면 송정리 산 3-7,241871.1592,191761.3989,34.7726,126.91
117,장흥,6,2021-09-01,육상,전남 장흥군 유치면 송정리 산 3-7,241981.9335,191944.5761,34.7736,126.912
118,태백금봉1,1,2021-09-01,육상,강원특별자치도 태백시 황지동 287-75,515387.9155,373609.6258,37.2215,128.956
118,태백금봉1,2,2021-09-01,육상,강원특별자치도 태백시 황지동 287-75,514958.6876,373796.1112,37.2176,128.958
118,태백금봉1,3,2021-09-01,육상,강원특별자치도 태백시 황지동 287-75,515661.6567,373959.1783,37.2239,128.96
118,태백금봉1,4,2021-09-01,육상,강원특별자치도 태백시 황지동 287-75,515489.5745,374229.1527,37.2223,128.963
118,태백금봉1,5,2021-09-01,육상,강원특별자치도 태백시 황지동 287-75,515193.5586,374412.9045,37.2196,128.965
118,태백금봉1,6,2021-09-01,육상,강원특별자치도 태백시 황지동 287-75,514884.6029,374508.1266,37.2168,128.966
118,태백금봉1,7,2021-09-01,육상,강원특별자치도 태백시 황지동 287-75,514655.1921,374690.516,37.2147,128.968
119,군산2,1,2021-12-01,해상,전라북도 군산시 앞바다,374746.9705,156253.5055,35.9693,126.515
